supreme_court_0,supreme_court_1,supreme_court_2,supreme_court_3,supreme_court_4
larson,larson,larson,larson,larson
larson,larson,larson,larson,larson
larson,larson,mungia,larson,larson
mungia,mungia,larson,larson,larson
mungia,mungia,mungia,mungia,mungia
mungia,mungia,larson,larson,larson
mungia,mungia,mungia,larson,larson
larson,larson,larson,larson,mungia
larson,larson,mungia,larson,mungia
mungia,mungia,unknown,larson,unknown
mungia,mungia,mungia,mungia,mungia
larson,larson,larson,larson,unknown
larson,larson,mungia,larson,mungia
mungia,mungia,mungia,mungia,mungia
larson,larson,larson,larson,unknown
mungia,mungia,mungia,larson,larson
mungia,mungia,mungia,larson,unknown
mungia,mungia,mungia,mungia,mungia
larson,larson,mungia,larson,mungia
larson,larson,larson,larson,larson
larson,larson,mungia,larson,mungia
mungia,mungia,unknown,larson,unknown
mungia,mungia,mungia,mungia,mungia
larson,larson,mungia,larson,mungia
larson,larson,mungia,larson,mungia
larson,larson,unknown,larson,unknown
mungia,mungia,mungia,mungia,larson
larson,larson,larson,larson,larson
mungia,mungia,mungia,mungia,mungia
mungia,mungia,mungia,mungia,mungia
larson,larson,larson,larson,larson
larson,larson,mungia,larson,mungia
larson,larson,mungia,larson,mungia
mungia,mungia,mungia,mungia,mungia
mungia,mungia,mungia,mungia,mungia
larson,larson,larson,larson,larson
larson,larson,mungia,larson,larson
mungia,mungia,mungia,larson,unknown
larson,larson,mungia,larson,larson
mungia,mungia,mungia,mungia,mungia
larson,larson,larson,larson,larson
mungia,larson,mungia,mungia,mungia
mungia,mungia,mungia,larson,mungia
mungia,mungia,mungia,mungia,mungia
larson,larson,mungia,larson,mungia
mungia,mungia,mungia,mungia,mungia
larson,larson,mungia,larson,larson
larson,larson,unknown,larson,unknown
mungia,mungia,mungia,mungia,mungia
larson,larson,mungia,larson,mungia
larson,larson,mungia,larson,mungia
mungia,mungia,mungia,mungia,mungia
larson,larson,mungia,larson,mungia
larson,larson,larson,larson,larson
larson,larson,unknown,larson,unknown
mungia,larson,mungia,mungia,mungia
mungia,mungia,mungia,mungia,mungia
larson,larson,mungia,larson,mungia
mungia,mungia,mungia,mungia,mungia
mungia,larson,mungia,mungia,mungia
larson,larson,mungia,larson,mungia
mungia,mungia,mungia,mungia,mungia
mungia,mungia,unknown,larson,unknown
larson,larson,mungia,larson,mungia
mungia,mungia,mungia,mungia,mungia
larson,larson,larson,larson,larson
mungia,mungia,mungia,mungia,mungia
larson,larson,larson,larson,larson
larson,larson,larson,larson,larson
larson,larson,larson,larson,larson
mungia,mungia,mungia,mungia,mungia
mungia,mungia,mungia,mungia,mungia
larson,larson,larson,larson,larson
mungia,mungia,mungia,mungia,mungia
mungia,larson,mungia,mungia,mungia
mungia,mungia,mungia,mungia,mungia
larson,larson,unknown,larson,unknown
larson,larson,unknown,larson,unknown
mungia,mungia,mungia,mungia,mungia
larson,larson,unknown,larson,larson
mungia,mungia,mungia,mungia,mungia
mungia,mungia,mungia,mungia,mungia
mungia,mungia,mungia,mungia,mungia
larson,larson,unknown,larson,unknown
mungia,mungia,mungia,larson,larson
mungia,mungia,mungia,mungia,mungia
larson,larson,mungia,larson,larson
larson,larson,larson,larson,larson
larson,larson,unknown,larson,unknown
larson,larson,mungia,larson,mungia
larson,larson,unknown,larson,unknown
larson,larson,mungia,larson,mungia
mungia,mungia,mungia,mungia,mungia
mungia,mungia,mungia,mungia,mungia
mungia,mungia,mungia,mungia,mungia
mungia,mungia,mungia,mungia,mungia
larson,larson,unknown,larson,unknown
mungia,mungia,mungia,mungia,mungia
mungia,mungia,mungia,mungia,mungia
larson,larson,larson,larson,larson
