attorney_general_0,attorney_general_1,attorney_general_2,attorney_general_3,attorney_general_4
pete,nick,nick,nick,nick
pete,nick,nick,nick,nick
nick,nick,nick,nick,nick
unknown,unknown,pete,pete,pete
nick,pete,pete,pete,pete
unknown,unknown,pete,pete,pete
nick,unknown,pete,pete,pete
nick,pete,nick,pete,nick
nick,pete,nick,nick,pete
unknown,unknown,unknown,unknown,unknown
nick,pete,pete,pete,pete
unknown,pete,pete,pete,pete
nick,pete,nick,nick,pete
nick,pete,pete,pete,pete
unknown,unknown,nick,unknown,unknown
nick,pete,pete,pete,pete
unknown,unknown,pete,pete,pete
nick,pete,pete,pete,pete
nick,pete,pete,pete,pete
nick,pete,nick,pete,nick
nick,pete,nick,pete,pete
unknown,unknown,unknown,unknown,unknown
nick,pete,pete,pete,pete
nick,pete,pete,pete,pete
nick,pete,pete,pete,pete
unknown,pete,pete,pete,pete
nick,pete,pete,pete,pete
unknown,unknown,pete,pete,pete
nick,pete,pete,pete,pete
nick,pete,pete,pete,pete
pete,nick,nick,nick,nick
nick,pete,pete,pete,pete
nick,pete,nick,pete,pete
unknown,unknown,pete,pete,pete
nick,pete,pete,pete,pete
unknown,unknown,nick,pete,nick
nick,nick,nick,nick,nick
unknown,unknown,pete,pete,pete
nick,pete,pete,pete,pete
nick,pete,pete,pete,pete
unknown,unknown,nick,nick,nick
nick,pete,pete,pete,pete
nick,unknown,pete,pete,pete
nick,pete,pete,pete,pete
nick,pete,pete,pete,pete
nick,pete,pete,pete,pete
nick,nick,nick,nick,nick
unknown,pete,pete,pete,pete
nick,pete,pete,pete,pete
nick,pete,pete,pete,pete
nick,pete,pete,pete,pete
nick,pete,pete,pete,pete
nick,pete,nick,nick,pete
unknown,unknown,nick,nick,nick
unknown,pete,pete,pete,pete
nick,pete,pete,pete,pete
nick,pete,pete,pete,pete
nick,pete,pete,pete,pete
nick,pete,pete,pete,pete
nick,pete,pete,pete,pete
nick,pete,nick,nick,pete
nick,pete,pete,pete,pete
unknown,unknown,unknown,unknown,unknown
nick,pete,pete,pete,pete
nick,pete,pete,pete,pete
pete,nick,nick,nick,nick
nick,pete,pete,pete,pete
pete,nick,nick,nick,nick
pete,nick,nick,nick,nick
pete,nick,nick,nick,nick
nick,pete,pete,pete,pete
nick,pete,pete,pete,pete
unknown,unknown,nick,nick,nick
nick,pete,pete,pete,pete
nick,pete,pete,pete,pete
nick,pete,pete,pete,pete
unknown,pete,pete,pete,pete
unknown,pete,pete,pete,pete
nick,pete,pete,pete,pete
unknown,nick,nick,nick,nick
nick,pete,pete,pete,pete
nick,pete,pete,pete,pete
nick,pete,pete,pete,pete
unknown,pete,pete,pete,pete
nick,pete,pete,pete,pete
nick,pete,pete,pete,pete
nick,pete,pete,pete,pete
pete,nick,nick,nick,nick
unknown,pete,pete,pete,pete
nick,pete,nick,nick,pete
unknown,nick,nick,nick,nick
nick,pete,nick,nick,pete
nick,pete,pete,pete,pete
nick,pete,pete,pete,pete
nick,pete,pete,pete,pete
nick,pete,pete,pete,pete
unknown,pete,pete,pete,pete
nick,pete,pete,pete,pete
nick,pete,pete,pete,pete
pete,nick,nick,nick,nick
