state_treasurer_0,state_treasurer_1,state_treasurer_2,state_treasurer_3,state_treasurer_4
mike,mike,mike,mike,mike
mike,mike,mike,mike,mike
sharon,sharon,sharon,sharon,sharon
mike,mike,mike,mike,mike
sharon,sharon,sharon,sharon,sharon
mike,mike,mike,mike,mike
sharon,sharon,sharon,sharon,sharon
sharon,sharon,sharon,sharon,sharon
sharon,sharon,sharon,sharon,sharon
unknown,unknown,unknown,unknown,unknown
sharon,sharon,sharon,sharon,sharon
sharon,sharon,sharon,sharon,sharon
sharon,sharon,sharon,sharon,sharon
sharon,sharon,sharon,sharon,sharon
mike,mike,mike,mike,mike
sharon,sharon,sharon,sharon,sharon
mike,mike,mike,mike,mike
sharon,sharon,sharon,sharon,sharon
sharon,sharon,sharon,sharon,sharon
sharon,sharon,sharon,sharon,sharon
sharon,sharon,sharon,sharon,sharon
unknown,unknown,unknown,unknown,unknown
mike,mike,mike,mike,mike
sharon,sharon,sharon,sharon,sharon
sharon,sharon,sharon,sharon,sharon
sharon,sharon,sharon,sharon,sharon
sharon,sharon,sharon,sharon,sharon
mike,mike,mike,mike,mike
sharon,sharon,sharon,sharon,sharon
mike,mike,mike,mike,mike
mike,mike,mike,mike,mike
sharon,sharon,sharon,sharon,sharon
sharon,sharon,sharon,sharon,sharon
mike,mike,mike,mike,mike
sharon,sharon,sharon,sharon,sharon
sharon,sharon,sharon,sharon,sharon
sharon,sharon,sharon,sharon,sharon
mike,mike,mike,mike,mike
sharon,sharon,sharon,sharon,sharon
mike,mike,mike,mike,mike
mike,mike,mike,mike,mike
mike,mike,mike,mike,mike
sharon,sharon,sharon,sharon,sharon
mike,mike,mike,mike,mike
sharon,sharon,sharon,sharon,sharon
sharon,sharon,sharon,sharon,sharon
sharon,sharon,sharon,sharon,sharon
sharon,sharon,sharon,sharon,sharon
sharon,sharon,sharon,sharon,sharon
sharon,sharon,sharon,sharon,sharon
sharon,sharon,sharon,sharon,sharon
sharon,sharon,sharon,sharon,sharon
sharon,sharon,sharon,sharon,sharon
mike,mike,mike,mike,mike
sharon,sharon,sharon,sharon,sharon
mike,mike,mike,mike,mike
sharon,sharon,sharon,sharon,sharon
mike,mike,mike,mike,mike
mike,mike,mike,mike,mike
mike,mike,mike,mike,mike
sharon,sharon,sharon,sharon,sharon
mike,mike,mike,mike,mike
mike,mike,mike,mike,mike
sharon,sharon,sharon,sharon,sharon
mike,mike,mike,mike,mike
mike,mike,mike,mike,mike
sharon,sharon,sharon,sharon,sharon
mike,mike,mike,mike,mike
mike,mike,mike,mike,mike
mike,mike,mike,mike,mike
sharon,sharon,sharon,sharon,sharon
sharon,sharon,sharon,sharon,sharon
mike,mike,mike,mike,mike
mike,mike,mike,mike,mike
mike,mike,mike,mike,mike
mike,mike,mike,mike,mike
sharon,sharon,sharon,sharon,sharon
sharon,sharon,sharon,sharon,sharon
sharon,sharon,sharon,sharon,sharon
sharon,sharon,sharon,sharon,sharon
sharon,sharon,sharon,sharon,sharon
mike,mike,mike,mike,mike
sharon,sharon,sharon,sharon,sharon
sharon,sharon,sharon,sharon,sharon
sharon,sharon,sharon,sharon,sharon
sharon,sharon,sharon,sharon,sharon
sharon,sharon,sharon,sharon,sharon
mike,mike,mike,mike,mike
sharon,sharon,sharon,sharon,sharon
sharon,sharon,sharon,sharon,sharon
sharon,sharon,sharon,sharon,sharon
sharon,sharon,sharon,sharon,sharon
sharon,sharon,sharon,sharon,sharon
sharon,sharon,sharon,sharon,sharon
sharon,sharon,sharon,sharon,sharon
mike,mike,mike,mike,mike
sharon,sharon,sharon,sharon,sharon
mike,mike,mike,mike,mike
sharon,sharon,sharon,sharon,sharon
mike,mike,mike,mike,mike
