governor_0,governor_1,governor_2,governor_3,governor_4
bob,bob,bob,bob,bob
bob,bob,bob,bob,bob
dave,bob,dave,dave,dave
bob,unknown,bob,bob,bob
bob,bob,bob,bob,bob
bob,unknown,bob,bob,bob
dave,unknown,dave,bob,dave
dave,dave,dave,dave,dave
dave,bob,dave,dave,dave
unknown,unknown,unknown,bob,unknown
bob,bob,bob,bob,bob
bob,unknown,bob,bob,bob
dave,bob,dave,dave,dave
bob,bob,bob,bob,bob
unknown,unknown,unknown,bob,unknown
dave,bob,dave,dave,dave
bob,unknown,unknown,bob,unknown
bob,bob,bob,bob,bob
dave,bob,dave,dave,dave
dave,dave,dave,dave,dave
dave,bob,dave,dave,dave
unknown,unknown,unknown,bob,unknown
bob,unknown,bob,bob,bob
dave,bob,bob,bob,bob
dave,bob,bob,dave,bob
bob,unknown,bob,bob,bob
dave,bob,dave,dave,dave
bob,unknown,bob,bob,bob
bob,bob,bob,bob,bob
bob,unknown,bob,bob,bob
bob,bob,bob,bob,bob
dave,unknown,dave,dave,dave
dave,bob,dave,dave,dave
bob,unknown,bob,bob,bob
bob,bob,bob,bob,bob
dave,dave,dave,dave,dave
dave,bob,dave,dave,dave
bob,unknown,unknown,bob,unknown
dave,bob,dave,dave,dave
bob,unknown,bob,bob,bob
unknown,unknown,unknown,dave,unknown
bob,unknown,bob,bob,bob
dave,unknown,dave,bob,dave
bob,unknown,bob,bob,bob
dave,bob,bob,dave,bob
bob,bob,bob,bob,bob
dave,bob,dave,dave,dave
bob,unknown,bob,bob,bob
bob,bob,bob,bob,bob
dave,dave,dave,dave,dave
dave,bob,bob,bob,bob
bob,bob,bob,bob,bob
dave,bob,dave,dave,dave
unknown,unknown,unknown,dave,unknown
bob,unknown,bob,bob,bob
bob,unknown,bob,dave,bob
bob,bob,bob,bob,bob
bob,unknown,bob,bob,bob
bob,unknown,bob,bob,bob
bob,unknown,bob,bob,bob
dave,bob,dave,dave,dave
bob,unknown,bob,bob,bob
bob,unknown,unknown,bob,unknown
dave,bob,dave,dave,dave
bob,unknown,bob,bob,bob
bob,bob,bob,bob,bob
bob,bob,bob,bob,bob
bob,dave,bob,dave,bob
bob,bob,bob,dave,bob
bob,dave,bob,dave,bob
bob,bob,bob,bob,bob
bob,bob,bob,bob,bob
unknown,unknown,unknown,dave,unknown
bob,unknown,bob,bob,bob
bob,unknown,bob,dave,bob
bob,unknown,bob,bob,bob
bob,unknown,bob,bob,bob
bob,unknown,bob,bob,bob
bob,bob,bob,bob,bob
bob,unknown,bob,dave,bob
bob,bob,bob,bob,bob
bob,unknown,bob,bob,bob
bob,bob,bob,bob,bob
bob,unknown,bob,bob,bob
dave,bob,dave,dave,dave
bob,bob,bob,bob,bob
dave,bob,dave,dave,dave
bob,dave,bob,dave,bob
bob,unknown,bob,bob,bob
dave,bob,dave,dave,dave
bob,unknown,bob,dave,bob
dave,bob,dave,dave,dave
bob,bob,bob,bob,bob
bob,bob,bob,bob,bob
bob,bob,bob,bob,bob
bob,unknown,bob,bob,bob
bob,unknown,bob,bob,bob
bob,unknown,bob,bob,bob
bob,bob,bob,bob,bob
bob,bob,bob,bob,bob
