gov_services_0,gov_services_1,gov_services_2,gov_services_3,gov_services_4
a,a,a,a,a
b,b,b,b,b
a,a,a,a,a
a,a,a,a,a
a,a,a,a,a
b,b,b,b,b
b,b,b,b,b
b,b,b,b,b
a,a,a,a,a
b,b,b,b,b
b,b,b,b,b
a,a,a,a,a
b,b,b,b,b
a,a,a,a,a
b,b,b,b,b
a,a,a,a,a
b,b,b,b,b
a,a,a,a,a
b,b,b,b,b
unknown,unknown,unknown,unknown,unknown
b,b,b,b,b
b,b,b,b,b
b,b,b,b,b
b,b,b,b,b
a,a,a,a,a
unknown,unknown,unknown,unknown,unknown
a,a,a,a,a
a,a,a,a,a
b,b,b,b,b
a,a,a,a,a
a,a,a,a,a
a,a,a,a,a
a,a,a,a,a
unknown,unknown,unknown,unknown,unknown
b,b,b,b,b
a,a,a,a,a
a,a,a,a,a
unknown,unknown,unknown,unknown,unknown
a,a,a,a,a
b,b,b,b,b
unknown,unknown,unknown,unknown,unknown
a,a,a,a,a
unknown,unknown,unknown,unknown,unknown
b,b,b,b,b
a,a,a,a,a
a,a,a,a,a
a,a,a,a,a
b,b,b,b,b
b,b,b,b,b
a,a,a,a,a
b,b,b,b,b
a,a,a,a,a
a,a,a,a,a
a,a,a,a,a
a,a,a,a,a
unknown,unknown,unknown,unknown,unknown
b,b,b,b,b
b,b,b,b,b
unknown,unknown,unknown,unknown,unknown
a,a,a,a,a
b,b,b,b,b
unknown,unknown,unknown,unknown,unknown
b,b,b,b,b
b,b,b,b,b
b,b,b,b,b
b,b,b,b,b
a,a,a,a,a
unknown,unknown,unknown,unknown,unknown
unknown,unknown,unknown,unknown,unknown
a,a,a,a,a
b,b,b,b,b
a,a,a,a,a
unknown,unknown,unknown,unknown,unknown
b,b,b,b,b
b,b,b,b,b
a,a,a,a,a
a,a,a,a,a
a,a,a,a,a
b,b,b,b,b
b,b,b,b,b
b,b,b,b,b
b,b,b,b,b
a,a,a,a,a
unknown,unknown,unknown,unknown,unknown
unknown,unknown,unknown,unknown,unknown
b,b,b,b,b
unknown,unknown,unknown,unknown,unknown
unknown,unknown,unknown,unknown,unknown
a,a,a,a,a
b,b,b,b,b
a,a,a,a,a
b,b,b,b,b
b,b,b,b,b
a,a,a,a,a
b,b,b,b,b
b,b,b,b,b
b,b,b,b,b
unknown,unknown,unknown,unknown,unknown
a,a,a,a,a
b,b,b,b,b
