"age_buckets","gender","wa_county","return_method"
"18-24","female","Adams","dropbox"
"18-24","female","Adams","mail"
"18-24","female","Adams","other"
"18-24","female","Asotin","dropbox"
"18-24","female","Asotin","mail"
"18-24","female","Asotin","other"
"18-24","female","Benton","dropbox"
"18-24","female","Benton","mail"
"18-24","female","Benton","other"
"18-24","female","Chelan","dropbox"
"18-24","female","Chelan","mail"
"18-24","female","Chelan","other"
"18-24","female","Clallam","dropbox"
"18-24","female","Clallam","mail"
"18-24","female","Clallam","other"
"18-24","female","Clark","dropbox"
"18-24","female","Clark","mail"
"18-24","female","Clark","other"
"18-24","female","Columbia","dropbox"
"18-24","female","Columbia","mail"
"18-24","female","Columbia","other"
"18-24","female","Cowlitz","dropbox"
"18-24","female","Cowlitz","mail"
"18-24","female","Cowlitz","other"
"18-24","female","Douglas","dropbox"
"18-24","female","Douglas","mail"
"18-24","female","Douglas","other"
"18-24","female","Ferry","dropbox"
"18-24","female","Ferry","mail"
"18-24","female","Ferry","other"
"18-24","female","Franklin","dropbox"
"18-24","female","Franklin","mail"
"18-24","female","Franklin","other"
"18-24","female","Garfield","dropbox"
"18-24","female","Garfield","mail"
"18-24","female","Garfield","other"
"18-24","female","Grant","dropbox"
"18-24","female","Grant","mail"
"18-24","female","Grant","other"
"18-24","female","Grays Harbor","dropbox"
"18-24","female","Grays Harbor","mail"
"18-24","female","Grays Harbor","other"
"18-24","female","Island","dropbox"
"18-24","female","Island","mail"
"18-24","female","Island","other"
"18-24","female","Jefferson","dropbox"
"18-24","female","Jefferson","mail"
"18-24","female","Jefferson","other"
"18-24","female","King","dropbox"
"18-24","female","King","mail"
"18-24","female","King","other"
"18-24","female","Kitsap","dropbox"
"18-24","female","Kitsap","mail"
"18-24","female","Kitsap","other"
"18-24","female","Kittitas","dropbox"
"18-24","female","Kittitas","mail"
"18-24","female","Kittitas","other"
"18-24","female","Klickitat","dropbox"
"18-24","female","Klickitat","mail"
"18-24","female","Klickitat","other"
"18-24","female","Lewis","dropbox"
"18-24","female","Lewis","mail"
"18-24","female","Lewis","other"
"18-24","female","Lincoln","dropbox"
"18-24","female","Lincoln","mail"
"18-24","female","Lincoln","other"
"18-24","female","Mason","dropbox"
"18-24","female","Mason","mail"
"18-24","female","Mason","other"
"18-24","female","Okanogan","dropbox"
"18-24","female","Okanogan","mail"
"18-24","female","Okanogan","other"
"18-24","female","Pacific","dropbox"
"18-24","female","Pacific","mail"
"18-24","female","Pacific","other"
"18-24","female","Pend Oreille","dropbox"
"18-24","female","Pend Oreille","mail"
"18-24","female","Pend Oreille","other"
"18-24","female","Pierce","dropbox"
"18-24","female","Pierce","mail"
"18-24","female","Pierce","other"
"18-24","female","San Juan","dropbox"
"18-24","female","San Juan","mail"
"18-24","female","San Juan","other"
"18-24","female","Skagit","dropbox"
"18-24","female","Skagit","mail"
"18-24","female","Skagit","other"
"18-24","female","Skamania","dropbox"
"18-24","female","Skamania","mail"
"18-24","female","Skamania","other"
"18-24","female","Snohomish","dropbox"
"18-24","female","Snohomish","mail"
"18-24","female","Snohomish","other"
"18-24","female","Spokane","dropbox"
"18-24","female","Spokane","mail"
"18-24","female","Spokane","other"
"18-24","female","Stevens","dropbox"
"18-24","female","Stevens","mail"
"18-24","female","Stevens","other"
"18-24","female","Thurston","dropbox"
"18-24","female","Thurston","mail"
"18-24","female","Thurston","other"
"18-24","female","Wahkiakum","dropbox"
"18-24","female","Wahkiakum","mail"
"18-24","female","Wahkiakum","other"
"18-24","female","Walla Walla","dropbox"
"18-24","female","Walla Walla","mail"
"18-24","female","Walla Walla","other"
"18-24","female","Whatcom","dropbox"
"18-24","female","Whatcom","mail"
"18-24","female","Whatcom","other"
"18-24","female","Whitman","dropbox"
"18-24","female","Whitman","mail"
"18-24","female","Whitman","other"
"18-24","female","Yakima","dropbox"
"18-24","female","Yakima","mail"
"18-24","female","Yakima","other"
"18-24","male","Adams","dropbox"
"18-24","male","Adams","mail"
"18-24","male","Adams","other"
"18-24","male","Asotin","dropbox"
"18-24","male","Asotin","mail"
"18-24","male","Asotin","other"
"18-24","male","Benton","dropbox"
"18-24","male","Benton","mail"
"18-24","male","Benton","other"
"18-24","male","Chelan","dropbox"
"18-24","male","Chelan","mail"
"18-24","male","Chelan","other"
"18-24","male","Clallam","dropbox"
"18-24","male","Clallam","mail"
"18-24","male","Clallam","other"
"18-24","male","Clark","dropbox"
"18-24","male","Clark","mail"
"18-24","male","Clark","other"
"18-24","male","Columbia","dropbox"
"18-24","male","Columbia","mail"
"18-24","male","Columbia","other"
"18-24","male","Cowlitz","dropbox"
"18-24","male","Cowlitz","mail"
"18-24","male","Cowlitz","other"
"18-24","male","Douglas","dropbox"
"18-24","male","Douglas","mail"
"18-24","male","Douglas","other"
"18-24","male","Ferry","dropbox"
"18-24","male","Ferry","mail"
"18-24","male","Ferry","other"
"18-24","male","Franklin","dropbox"
"18-24","male","Franklin","mail"
"18-24","male","Franklin","other"
"18-24","male","Garfield","dropbox"
"18-24","male","Garfield","mail"
"18-24","male","Garfield","other"
"18-24","male","Grant","dropbox"
"18-24","male","Grant","mail"
"18-24","male","Grant","other"
"18-24","male","Grays Harbor","dropbox"
"18-24","male","Grays Harbor","mail"
"18-24","male","Grays Harbor","other"
"18-24","male","Island","dropbox"
"18-24","male","Island","mail"
"18-24","male","Island","other"
"18-24","male","Jefferson","dropbox"
"18-24","male","Jefferson","mail"
"18-24","male","Jefferson","other"
"18-24","male","King","dropbox"
"18-24","male","King","mail"
"18-24","male","King","other"
"18-24","male","Kitsap","dropbox"
"18-24","male","Kitsap","mail"
"18-24","male","Kitsap","other"
"18-24","male","Kittitas","dropbox"
"18-24","male","Kittitas","mail"
"18-24","male","Kittitas","other"
"18-24","male","Klickitat","dropbox"
"18-24","male","Klickitat","mail"
"18-24","male","Klickitat","other"
"18-24","male","Lewis","dropbox"
"18-24","male","Lewis","mail"
"18-24","male","Lewis","other"
"18-24","male","Lincoln","dropbox"
"18-24","male","Lincoln","mail"
"18-24","male","Lincoln","other"
"18-24","male","Mason","dropbox"
"18-24","male","Mason","mail"
"18-24","male","Mason","other"
"18-24","male","Okanogan","dropbox"
"18-24","male","Okanogan","mail"
"18-24","male","Okanogan","other"
"18-24","male","Pacific","dropbox"
"18-24","male","Pacific","mail"
"18-24","male","Pacific","other"
"18-24","male","Pend Oreille","dropbox"
"18-24","male","Pend Oreille","mail"
"18-24","male","Pend Oreille","other"
"18-24","male","Pierce","dropbox"
"18-24","male","Pierce","mail"
"18-24","male","Pierce","other"
"18-24","male","San Juan","dropbox"
"18-24","male","San Juan","mail"
"18-24","male","San Juan","other"
"18-24","male","Skagit","dropbox"
"18-24","male","Skagit","mail"
"18-24","male","Skagit","other"
"18-24","male","Skamania","dropbox"
"18-24","male","Skamania","mail"
"18-24","male","Skamania","other"
"18-24","male","Snohomish","dropbox"
"18-24","male","Snohomish","mail"
"18-24","male","Snohomish","other"
"18-24","male","Spokane","dropbox"
"18-24","male","Spokane","mail"
"18-24","male","Spokane","other"
"18-24","male","Stevens","dropbox"
"18-24","male","Stevens","mail"
"18-24","male","Stevens","other"
"18-24","male","Thurston","dropbox"
"18-24","male","Thurston","mail"
"18-24","male","Thurston","other"
"18-24","male","Wahkiakum","dropbox"
"18-24","male","Wahkiakum","mail"
"18-24","male","Wahkiakum","other"
"18-24","male","Walla Walla","dropbox"
"18-24","male","Walla Walla","mail"
"18-24","male","Walla Walla","other"
"18-24","male","Whatcom","dropbox"
"18-24","male","Whatcom","mail"
"18-24","male","Whatcom","other"
"18-24","male","Whitman","dropbox"
"18-24","male","Whitman","mail"
"18-24","male","Whitman","other"
"18-24","male","Yakima","dropbox"
"18-24","male","Yakima","mail"
"18-24","male","Yakima","other"
"18-24","unspecified","Adams","dropbox"
"18-24","unspecified","Adams","mail"
"18-24","unspecified","Adams","other"
"18-24","unspecified","Asotin","dropbox"
"18-24","unspecified","Asotin","mail"
"18-24","unspecified","Asotin","other"
"18-24","unspecified","Benton","dropbox"
"18-24","unspecified","Benton","mail"
"18-24","unspecified","Benton","other"
"18-24","unspecified","Chelan","dropbox"
"18-24","unspecified","Chelan","mail"
"18-24","unspecified","Chelan","other"
"18-24","unspecified","Clallam","dropbox"
"18-24","unspecified","Clallam","mail"
"18-24","unspecified","Clallam","other"
"18-24","unspecified","Clark","dropbox"
"18-24","unspecified","Clark","mail"
"18-24","unspecified","Clark","other"
"18-24","unspecified","Columbia","dropbox"
"18-24","unspecified","Columbia","mail"
"18-24","unspecified","Columbia","other"
"18-24","unspecified","Cowlitz","dropbox"
"18-24","unspecified","Cowlitz","mail"
"18-24","unspecified","Cowlitz","other"
"18-24","unspecified","Douglas","dropbox"
"18-24","unspecified","Douglas","mail"
"18-24","unspecified","Douglas","other"
"18-24","unspecified","Ferry","dropbox"
"18-24","unspecified","Ferry","mail"
"18-24","unspecified","Ferry","other"
"18-24","unspecified","Franklin","dropbox"
"18-24","unspecified","Franklin","mail"
"18-24","unspecified","Franklin","other"
"18-24","unspecified","Garfield","dropbox"
"18-24","unspecified","Garfield","mail"
"18-24","unspecified","Garfield","other"
"18-24","unspecified","Grant","dropbox"
"18-24","unspecified","Grant","mail"
"18-24","unspecified","Grant","other"
"18-24","unspecified","Grays Harbor","dropbox"
"18-24","unspecified","Grays Harbor","mail"
"18-24","unspecified","Grays Harbor","other"
"18-24","unspecified","Island","dropbox"
"18-24","unspecified","Island","mail"
"18-24","unspecified","Island","other"
"18-24","unspecified","Jefferson","dropbox"
"18-24","unspecified","Jefferson","mail"
"18-24","unspecified","Jefferson","other"
"18-24","unspecified","King","dropbox"
"18-24","unspecified","King","mail"
"18-24","unspecified","King","other"
"18-24","unspecified","Kitsap","dropbox"
"18-24","unspecified","Kitsap","mail"
"18-24","unspecified","Kitsap","other"
"18-24","unspecified","Kittitas","dropbox"
"18-24","unspecified","Kittitas","mail"
"18-24","unspecified","Kittitas","other"
"18-24","unspecified","Klickitat","dropbox"
"18-24","unspecified","Klickitat","mail"
"18-24","unspecified","Klickitat","other"
"18-24","unspecified","Lewis","dropbox"
"18-24","unspecified","Lewis","mail"
"18-24","unspecified","Lewis","other"
"18-24","unspecified","Lincoln","dropbox"
"18-24","unspecified","Lincoln","mail"
"18-24","unspecified","Lincoln","other"
"18-24","unspecified","Mason","dropbox"
"18-24","unspecified","Mason","mail"
"18-24","unspecified","Mason","other"
"18-24","unspecified","Okanogan","dropbox"
"18-24","unspecified","Okanogan","mail"
"18-24","unspecified","Okanogan","other"
"18-24","unspecified","Pacific","dropbox"
"18-24","unspecified","Pacific","mail"
"18-24","unspecified","Pacific","other"
"18-24","unspecified","Pend Oreille","dropbox"
"18-24","unspecified","Pend Oreille","mail"
"18-24","unspecified","Pend Oreille","other"
"18-24","unspecified","Pierce","dropbox"
"18-24","unspecified","Pierce","mail"
"18-24","unspecified","Pierce","other"
"18-24","unspecified","San Juan","dropbox"
"18-24","unspecified","San Juan","mail"
"18-24","unspecified","San Juan","other"
"18-24","unspecified","Skagit","dropbox"
"18-24","unspecified","Skagit","mail"
"18-24","unspecified","Skagit","other"
"18-24","unspecified","Skamania","dropbox"
"18-24","unspecified","Skamania","mail"
"18-24","unspecified","Skamania","other"
"18-24","unspecified","Snohomish","dropbox"
"18-24","unspecified","Snohomish","mail"
"18-24","unspecified","Snohomish","other"
"18-24","unspecified","Spokane","dropbox"
"18-24","unspecified","Spokane","mail"
"18-24","unspecified","Spokane","other"
"18-24","unspecified","Stevens","dropbox"
"18-24","unspecified","Stevens","mail"
"18-24","unspecified","Stevens","other"
"18-24","unspecified","Thurston","dropbox"
"18-24","unspecified","Thurston","mail"
"18-24","unspecified","Thurston","other"
"18-24","unspecified","Wahkiakum","dropbox"
"18-24","unspecified","Wahkiakum","mail"
"18-24","unspecified","Wahkiakum","other"
"18-24","unspecified","Walla Walla","dropbox"
"18-24","unspecified","Walla Walla","mail"
"18-24","unspecified","Walla Walla","other"
"18-24","unspecified","Whatcom","dropbox"
"18-24","unspecified","Whatcom","mail"
"18-24","unspecified","Whatcom","other"
"18-24","unspecified","Whitman","dropbox"
"18-24","unspecified","Whitman","mail"
"18-24","unspecified","Whitman","other"
"18-24","unspecified","Yakima","dropbox"
"18-24","unspecified","Yakima","mail"
"18-24","unspecified","Yakima","other"
"25-34","female","Adams","dropbox"
"25-34","female","Adams","mail"
"25-34","female","Adams","other"
"25-34","female","Asotin","dropbox"
"25-34","female","Asotin","mail"
"25-34","female","Asotin","other"
"25-34","female","Benton","dropbox"
"25-34","female","Benton","mail"
"25-34","female","Benton","other"
"25-34","female","Chelan","dropbox"
"25-34","female","Chelan","mail"
"25-34","female","Chelan","other"
"25-34","female","Clallam","dropbox"
"25-34","female","Clallam","mail"
"25-34","female","Clallam","other"
"25-34","female","Clark","dropbox"
"25-34","female","Clark","mail"
"25-34","female","Clark","other"
"25-34","female","Columbia","dropbox"
"25-34","female","Columbia","mail"
"25-34","female","Columbia","other"
"25-34","female","Cowlitz","dropbox"
"25-34","female","Cowlitz","mail"
"25-34","female","Cowlitz","other"
"25-34","female","Douglas","dropbox"
"25-34","female","Douglas","mail"
"25-34","female","Douglas","other"
"25-34","female","Ferry","dropbox"
"25-34","female","Ferry","mail"
"25-34","female","Ferry","other"
"25-34","female","Franklin","dropbox"
"25-34","female","Franklin","mail"
"25-34","female","Franklin","other"
"25-34","female","Garfield","dropbox"
"25-34","female","Garfield","mail"
"25-34","female","Garfield","other"
"25-34","female","Grant","dropbox"
"25-34","female","Grant","mail"
"25-34","female","Grant","other"
"25-34","female","Grays Harbor","dropbox"
"25-34","female","Grays Harbor","mail"
"25-34","female","Grays Harbor","other"
"25-34","female","Island","dropbox"
"25-34","female","Island","mail"
"25-34","female","Island","other"
"25-34","female","Jefferson","dropbox"
"25-34","female","Jefferson","mail"
"25-34","female","Jefferson","other"
"25-34","female","King","dropbox"
"25-34","female","King","mail"
"25-34","female","King","other"
"25-34","female","Kitsap","dropbox"
"25-34","female","Kitsap","mail"
"25-34","female","Kitsap","other"
"25-34","female","Kittitas","dropbox"
"25-34","female","Kittitas","mail"
"25-34","female","Kittitas","other"
"25-34","female","Klickitat","dropbox"
"25-34","female","Klickitat","mail"
"25-34","female","Klickitat","other"
"25-34","female","Lewis","dropbox"
"25-34","female","Lewis","mail"
"25-34","female","Lewis","other"
"25-34","female","Lincoln","dropbox"
"25-34","female","Lincoln","mail"
"25-34","female","Lincoln","other"
"25-34","female","Mason","dropbox"
"25-34","female","Mason","mail"
"25-34","female","Mason","other"
"25-34","female","Okanogan","dropbox"
"25-34","female","Okanogan","mail"
"25-34","female","Okanogan","other"
"25-34","female","Pacific","dropbox"
"25-34","female","Pacific","mail"
"25-34","female","Pacific","other"
"25-34","female","Pend Oreille","dropbox"
"25-34","female","Pend Oreille","mail"
"25-34","female","Pend Oreille","other"
"25-34","female","Pierce","dropbox"
"25-34","female","Pierce","mail"
"25-34","female","Pierce","other"
"25-34","female","San Juan","dropbox"
"25-34","female","San Juan","mail"
"25-34","female","San Juan","other"
"25-34","female","Skagit","dropbox"
"25-34","female","Skagit","mail"
"25-34","female","Skagit","other"
"25-34","female","Skamania","dropbox"
"25-34","female","Skamania","mail"
"25-34","female","Skamania","other"
"25-34","female","Snohomish","dropbox"
"25-34","female","Snohomish","mail"
"25-34","female","Snohomish","other"
"25-34","female","Spokane","dropbox"
"25-34","female","Spokane","mail"
"25-34","female","Spokane","other"
"25-34","female","Stevens","dropbox"
"25-34","female","Stevens","mail"
"25-34","female","Stevens","other"
"25-34","female","Thurston","dropbox"
"25-34","female","Thurston","mail"
"25-34","female","Thurston","other"
"25-34","female","Wahkiakum","dropbox"
"25-34","female","Wahkiakum","mail"
"25-34","female","Wahkiakum","other"
"25-34","female","Walla Walla","dropbox"
"25-34","female","Walla Walla","mail"
"25-34","female","Walla Walla","other"
"25-34","female","Whatcom","dropbox"
"25-34","female","Whatcom","mail"
"25-34","female","Whatcom","other"
"25-34","female","Whitman","dropbox"
"25-34","female","Whitman","mail"
"25-34","female","Whitman","other"
"25-34","female","Yakima","dropbox"
"25-34","female","Yakima","mail"
"25-34","female","Yakima","other"
"25-34","male","Adams","dropbox"
"25-34","male","Adams","mail"
"25-34","male","Adams","other"
"25-34","male","Asotin","dropbox"
"25-34","male","Asotin","mail"
"25-34","male","Asotin","other"
"25-34","male","Benton","dropbox"
"25-34","male","Benton","mail"
"25-34","male","Benton","other"
"25-34","male","Chelan","dropbox"
"25-34","male","Chelan","mail"
"25-34","male","Chelan","other"
"25-34","male","Clallam","dropbox"
"25-34","male","Clallam","mail"
"25-34","male","Clallam","other"
"25-34","male","Clark","dropbox"
"25-34","male","Clark","mail"
"25-34","male","Clark","other"
"25-34","male","Columbia","dropbox"
"25-34","male","Columbia","mail"
"25-34","male","Columbia","other"
"25-34","male","Cowlitz","dropbox"
"25-34","male","Cowlitz","mail"
"25-34","male","Cowlitz","other"
"25-34","male","Douglas","dropbox"
"25-34","male","Douglas","mail"
"25-34","male","Douglas","other"
"25-34","male","Ferry","dropbox"
"25-34","male","Ferry","mail"
"25-34","male","Ferry","other"
"25-34","male","Franklin","dropbox"
"25-34","male","Franklin","mail"
"25-34","male","Franklin","other"
"25-34","male","Garfield","dropbox"
"25-34","male","Garfield","mail"
"25-34","male","Garfield","other"
"25-34","male","Grant","dropbox"
"25-34","male","Grant","mail"
"25-34","male","Grant","other"
"25-34","male","Grays Harbor","dropbox"
"25-34","male","Grays Harbor","mail"
"25-34","male","Grays Harbor","other"
"25-34","male","Island","dropbox"
"25-34","male","Island","mail"
"25-34","male","Island","other"
"25-34","male","Jefferson","dropbox"
"25-34","male","Jefferson","mail"
"25-34","male","Jefferson","other"
"25-34","male","King","dropbox"
"25-34","male","King","mail"
"25-34","male","King","other"
"25-34","male","Kitsap","dropbox"
"25-34","male","Kitsap","mail"
"25-34","male","Kitsap","other"
"25-34","male","Kittitas","dropbox"
"25-34","male","Kittitas","mail"
"25-34","male","Kittitas","other"
"25-34","male","Klickitat","dropbox"
"25-34","male","Klickitat","mail"
"25-34","male","Klickitat","other"
"25-34","male","Lewis","dropbox"
"25-34","male","Lewis","mail"
"25-34","male","Lewis","other"
"25-34","male","Lincoln","dropbox"
"25-34","male","Lincoln","mail"
"25-34","male","Lincoln","other"
"25-34","male","Mason","dropbox"
"25-34","male","Mason","mail"
"25-34","male","Mason","other"
"25-34","male","Okanogan","dropbox"
"25-34","male","Okanogan","mail"
"25-34","male","Okanogan","other"
"25-34","male","Pacific","dropbox"
"25-34","male","Pacific","mail"
"25-34","male","Pacific","other"
"25-34","male","Pend Oreille","dropbox"
"25-34","male","Pend Oreille","mail"
"25-34","male","Pend Oreille","other"
"25-34","male","Pierce","dropbox"
"25-34","male","Pierce","mail"
"25-34","male","Pierce","other"
"25-34","male","San Juan","dropbox"
"25-34","male","San Juan","mail"
"25-34","male","San Juan","other"
"25-34","male","Skagit","dropbox"
"25-34","male","Skagit","mail"
"25-34","male","Skagit","other"
"25-34","male","Skamania","dropbox"
"25-34","male","Skamania","mail"
"25-34","male","Skamania","other"
"25-34","male","Snohomish","dropbox"
"25-34","male","Snohomish","mail"
"25-34","male","Snohomish","other"
"25-34","male","Spokane","dropbox"
"25-34","male","Spokane","mail"
"25-34","male","Spokane","other"
"25-34","male","Stevens","dropbox"
"25-34","male","Stevens","mail"
"25-34","male","Stevens","other"
"25-34","male","Thurston","dropbox"
"25-34","male","Thurston","mail"
"25-34","male","Thurston","other"
"25-34","male","Wahkiakum","dropbox"
"25-34","male","Wahkiakum","mail"
"25-34","male","Wahkiakum","other"
"25-34","male","Walla Walla","dropbox"
"25-34","male","Walla Walla","mail"
"25-34","male","Walla Walla","other"
"25-34","male","Whatcom","dropbox"
"25-34","male","Whatcom","mail"
"25-34","male","Whatcom","other"
"25-34","male","Whitman","dropbox"
"25-34","male","Whitman","mail"
"25-34","male","Whitman","other"
"25-34","male","Yakima","dropbox"
"25-34","male","Yakima","mail"
"25-34","male","Yakima","other"
"25-34","unspecified","Adams","dropbox"
"25-34","unspecified","Adams","mail"
"25-34","unspecified","Adams","other"
"25-34","unspecified","Asotin","dropbox"
"25-34","unspecified","Asotin","mail"
"25-34","unspecified","Asotin","other"
"25-34","unspecified","Benton","dropbox"
"25-34","unspecified","Benton","mail"
"25-34","unspecified","Benton","other"
"25-34","unspecified","Chelan","dropbox"
"25-34","unspecified","Chelan","mail"
"25-34","unspecified","Chelan","other"
"25-34","unspecified","Clallam","dropbox"
"25-34","unspecified","Clallam","mail"
"25-34","unspecified","Clallam","other"
"25-34","unspecified","Clark","dropbox"
"25-34","unspecified","Clark","mail"
"25-34","unspecified","Clark","other"
"25-34","unspecified","Columbia","dropbox"
"25-34","unspecified","Columbia","mail"
"25-34","unspecified","Columbia","other"
"25-34","unspecified","Cowlitz","dropbox"
"25-34","unspecified","Cowlitz","mail"
"25-34","unspecified","Cowlitz","other"
"25-34","unspecified","Douglas","dropbox"
"25-34","unspecified","Douglas","mail"
"25-34","unspecified","Douglas","other"
"25-34","unspecified","Ferry","dropbox"
"25-34","unspecified","Ferry","mail"
"25-34","unspecified","Ferry","other"
"25-34","unspecified","Franklin","dropbox"
"25-34","unspecified","Franklin","mail"
"25-34","unspecified","Franklin","other"
"25-34","unspecified","Garfield","dropbox"
"25-34","unspecified","Garfield","mail"
"25-34","unspecified","Garfield","other"
"25-34","unspecified","Grant","dropbox"
"25-34","unspecified","Grant","mail"
"25-34","unspecified","Grant","other"
"25-34","unspecified","Grays Harbor","dropbox"
"25-34","unspecified","Grays Harbor","mail"
"25-34","unspecified","Grays Harbor","other"
"25-34","unspecified","Island","dropbox"
"25-34","unspecified","Island","mail"
"25-34","unspecified","Island","other"
"25-34","unspecified","Jefferson","dropbox"
"25-34","unspecified","Jefferson","mail"
"25-34","unspecified","Jefferson","other"
"25-34","unspecified","King","dropbox"
"25-34","unspecified","King","mail"
"25-34","unspecified","King","other"
"25-34","unspecified","Kitsap","dropbox"
"25-34","unspecified","Kitsap","mail"
"25-34","unspecified","Kitsap","other"
"25-34","unspecified","Kittitas","dropbox"
"25-34","unspecified","Kittitas","mail"
"25-34","unspecified","Kittitas","other"
"25-34","unspecified","Klickitat","dropbox"
"25-34","unspecified","Klickitat","mail"
"25-34","unspecified","Klickitat","other"
"25-34","unspecified","Lewis","dropbox"
"25-34","unspecified","Lewis","mail"
"25-34","unspecified","Lewis","other"
"25-34","unspecified","Lincoln","dropbox"
"25-34","unspecified","Lincoln","mail"
"25-34","unspecified","Lincoln","other"
"25-34","unspecified","Mason","dropbox"
"25-34","unspecified","Mason","mail"
"25-34","unspecified","Mason","other"
"25-34","unspecified","Okanogan","dropbox"
"25-34","unspecified","Okanogan","mail"
"25-34","unspecified","Okanogan","other"
"25-34","unspecified","Pacific","dropbox"
"25-34","unspecified","Pacific","mail"
"25-34","unspecified","Pacific","other"
"25-34","unspecified","Pend Oreille","dropbox"
"25-34","unspecified","Pend Oreille","mail"
"25-34","unspecified","Pend Oreille","other"
"25-34","unspecified","Pierce","dropbox"
"25-34","unspecified","Pierce","mail"
"25-34","unspecified","Pierce","other"
"25-34","unspecified","San Juan","dropbox"
"25-34","unspecified","San Juan","mail"
"25-34","unspecified","San Juan","other"
"25-34","unspecified","Skagit","dropbox"
"25-34","unspecified","Skagit","mail"
"25-34","unspecified","Skagit","other"
"25-34","unspecified","Skamania","dropbox"
"25-34","unspecified","Skamania","mail"
"25-34","unspecified","Skamania","other"
"25-34","unspecified","Snohomish","dropbox"
"25-34","unspecified","Snohomish","mail"
"25-34","unspecified","Snohomish","other"
"25-34","unspecified","Spokane","dropbox"
"25-34","unspecified","Spokane","mail"
"25-34","unspecified","Spokane","other"
"25-34","unspecified","Stevens","dropbox"
"25-34","unspecified","Stevens","mail"
"25-34","unspecified","Stevens","other"
"25-34","unspecified","Thurston","dropbox"
"25-34","unspecified","Thurston","mail"
"25-34","unspecified","Thurston","other"
"25-34","unspecified","Wahkiakum","dropbox"
"25-34","unspecified","Wahkiakum","mail"
"25-34","unspecified","Wahkiakum","other"
"25-34","unspecified","Walla Walla","dropbox"
"25-34","unspecified","Walla Walla","mail"
"25-34","unspecified","Walla Walla","other"
"25-34","unspecified","Whatcom","dropbox"
"25-34","unspecified","Whatcom","mail"
"25-34","unspecified","Whatcom","other"
"25-34","unspecified","Whitman","dropbox"
"25-34","unspecified","Whitman","mail"
"25-34","unspecified","Whitman","other"
"25-34","unspecified","Yakima","dropbox"
"25-34","unspecified","Yakima","mail"
"25-34","unspecified","Yakima","other"
"35-44","female","Adams","dropbox"
"35-44","female","Adams","mail"
"35-44","female","Adams","other"
"35-44","female","Asotin","dropbox"
"35-44","female","Asotin","mail"
"35-44","female","Asotin","other"
"35-44","female","Benton","dropbox"
"35-44","female","Benton","mail"
"35-44","female","Benton","other"
"35-44","female","Chelan","dropbox"
"35-44","female","Chelan","mail"
"35-44","female","Chelan","other"
"35-44","female","Clallam","dropbox"
"35-44","female","Clallam","mail"
"35-44","female","Clallam","other"
"35-44","female","Clark","dropbox"
"35-44","female","Clark","mail"
"35-44","female","Clark","other"
"35-44","female","Columbia","dropbox"
"35-44","female","Columbia","mail"
"35-44","female","Columbia","other"
"35-44","female","Cowlitz","dropbox"
"35-44","female","Cowlitz","mail"
"35-44","female","Cowlitz","other"
"35-44","female","Douglas","dropbox"
"35-44","female","Douglas","mail"
"35-44","female","Douglas","other"
"35-44","female","Ferry","dropbox"
"35-44","female","Ferry","mail"
"35-44","female","Ferry","other"
"35-44","female","Franklin","dropbox"
"35-44","female","Franklin","mail"
"35-44","female","Franklin","other"
"35-44","female","Garfield","dropbox"
"35-44","female","Garfield","mail"
"35-44","female","Garfield","other"
"35-44","female","Grant","dropbox"
"35-44","female","Grant","mail"
"35-44","female","Grant","other"
"35-44","female","Grays Harbor","dropbox"
"35-44","female","Grays Harbor","mail"
"35-44","female","Grays Harbor","other"
"35-44","female","Island","dropbox"
"35-44","female","Island","mail"
"35-44","female","Island","other"
"35-44","female","Jefferson","dropbox"
"35-44","female","Jefferson","mail"
"35-44","female","Jefferson","other"
"35-44","female","King","dropbox"
"35-44","female","King","mail"
"35-44","female","King","other"
"35-44","female","Kitsap","dropbox"
"35-44","female","Kitsap","mail"
"35-44","female","Kitsap","other"
"35-44","female","Kittitas","dropbox"
"35-44","female","Kittitas","mail"
"35-44","female","Kittitas","other"
"35-44","female","Klickitat","dropbox"
"35-44","female","Klickitat","mail"
"35-44","female","Klickitat","other"
"35-44","female","Lewis","dropbox"
"35-44","female","Lewis","mail"
"35-44","female","Lewis","other"
"35-44","female","Lincoln","dropbox"
"35-44","female","Lincoln","mail"
"35-44","female","Lincoln","other"
"35-44","female","Mason","dropbox"
"35-44","female","Mason","mail"
"35-44","female","Mason","other"
"35-44","female","Okanogan","dropbox"
"35-44","female","Okanogan","mail"
"35-44","female","Okanogan","other"
"35-44","female","Pacific","dropbox"
"35-44","female","Pacific","mail"
"35-44","female","Pacific","other"
"35-44","female","Pend Oreille","dropbox"
"35-44","female","Pend Oreille","mail"
"35-44","female","Pend Oreille","other"
"35-44","female","Pierce","dropbox"
"35-44","female","Pierce","mail"
"35-44","female","Pierce","other"
"35-44","female","San Juan","dropbox"
"35-44","female","San Juan","mail"
"35-44","female","San Juan","other"
"35-44","female","Skagit","dropbox"
"35-44","female","Skagit","mail"
"35-44","female","Skagit","other"
"35-44","female","Skamania","dropbox"
"35-44","female","Skamania","mail"
"35-44","female","Skamania","other"
"35-44","female","Snohomish","dropbox"
"35-44","female","Snohomish","mail"
"35-44","female","Snohomish","other"
"35-44","female","Spokane","dropbox"
"35-44","female","Spokane","mail"
"35-44","female","Spokane","other"
"35-44","female","Stevens","dropbox"
"35-44","female","Stevens","mail"
"35-44","female","Stevens","other"
"35-44","female","Thurston","dropbox"
"35-44","female","Thurston","mail"
"35-44","female","Thurston","other"
"35-44","female","Wahkiakum","dropbox"
"35-44","female","Wahkiakum","mail"
"35-44","female","Wahkiakum","other"
"35-44","female","Walla Walla","dropbox"
"35-44","female","Walla Walla","mail"
"35-44","female","Walla Walla","other"
"35-44","female","Whatcom","dropbox"
"35-44","female","Whatcom","mail"
"35-44","female","Whatcom","other"
"35-44","female","Whitman","dropbox"
"35-44","female","Whitman","mail"
"35-44","female","Whitman","other"
"35-44","female","Yakima","dropbox"
"35-44","female","Yakima","mail"
"35-44","female","Yakima","other"
"35-44","male","Adams","dropbox"
"35-44","male","Adams","mail"
"35-44","male","Adams","other"
"35-44","male","Asotin","dropbox"
"35-44","male","Asotin","mail"
"35-44","male","Asotin","other"
"35-44","male","Benton","dropbox"
"35-44","male","Benton","mail"
"35-44","male","Benton","other"
"35-44","male","Chelan","dropbox"
"35-44","male","Chelan","mail"
"35-44","male","Chelan","other"
"35-44","male","Clallam","dropbox"
"35-44","male","Clallam","mail"
"35-44","male","Clallam","other"
"35-44","male","Clark","dropbox"
"35-44","male","Clark","mail"
"35-44","male","Clark","other"
"35-44","male","Columbia","dropbox"
"35-44","male","Columbia","mail"
"35-44","male","Columbia","other"
"35-44","male","Cowlitz","dropbox"
"35-44","male","Cowlitz","mail"
"35-44","male","Cowlitz","other"
"35-44","male","Douglas","dropbox"
"35-44","male","Douglas","mail"
"35-44","male","Douglas","other"
"35-44","male","Ferry","dropbox"
"35-44","male","Ferry","mail"
"35-44","male","Ferry","other"
"35-44","male","Franklin","dropbox"
"35-44","male","Franklin","mail"
"35-44","male","Franklin","other"
"35-44","male","Garfield","dropbox"
"35-44","male","Garfield","mail"
"35-44","male","Garfield","other"
"35-44","male","Grant","dropbox"
"35-44","male","Grant","mail"
"35-44","male","Grant","other"
"35-44","male","Grays Harbor","dropbox"
"35-44","male","Grays Harbor","mail"
"35-44","male","Grays Harbor","other"
"35-44","male","Island","dropbox"
"35-44","male","Island","mail"
"35-44","male","Island","other"
"35-44","male","Jefferson","dropbox"
"35-44","male","Jefferson","mail"
"35-44","male","Jefferson","other"
"35-44","male","King","dropbox"
"35-44","male","King","mail"
"35-44","male","King","other"
"35-44","male","Kitsap","dropbox"
"35-44","male","Kitsap","mail"
"35-44","male","Kitsap","other"
"35-44","male","Kittitas","dropbox"
"35-44","male","Kittitas","mail"
"35-44","male","Kittitas","other"
"35-44","male","Klickitat","dropbox"
"35-44","male","Klickitat","mail"
"35-44","male","Klickitat","other"
"35-44","male","Lewis","dropbox"
"35-44","male","Lewis","mail"
"35-44","male","Lewis","other"
"35-44","male","Lincoln","dropbox"
"35-44","male","Lincoln","mail"
"35-44","male","Lincoln","other"
"35-44","male","Mason","dropbox"
"35-44","male","Mason","mail"
"35-44","male","Mason","other"
"35-44","male","Okanogan","dropbox"
"35-44","male","Okanogan","mail"
"35-44","male","Okanogan","other"
"35-44","male","Pacific","dropbox"
"35-44","male","Pacific","mail"
"35-44","male","Pacific","other"
"35-44","male","Pend Oreille","dropbox"
"35-44","male","Pend Oreille","mail"
"35-44","male","Pend Oreille","other"
"35-44","male","Pierce","dropbox"
"35-44","male","Pierce","mail"
"35-44","male","Pierce","other"
"35-44","male","San Juan","dropbox"
"35-44","male","San Juan","mail"
"35-44","male","San Juan","other"
"35-44","male","Skagit","dropbox"
"35-44","male","Skagit","mail"
"35-44","male","Skagit","other"
"35-44","male","Skamania","dropbox"
"35-44","male","Skamania","mail"
"35-44","male","Skamania","other"
"35-44","male","Snohomish","dropbox"
"35-44","male","Snohomish","mail"
"35-44","male","Snohomish","other"
"35-44","male","Spokane","dropbox"
"35-44","male","Spokane","mail"
"35-44","male","Spokane","other"
"35-44","male","Stevens","dropbox"
"35-44","male","Stevens","mail"
"35-44","male","Stevens","other"
"35-44","male","Thurston","dropbox"
"35-44","male","Thurston","mail"
"35-44","male","Thurston","other"
"35-44","male","Wahkiakum","dropbox"
"35-44","male","Wahkiakum","mail"
"35-44","male","Wahkiakum","other"
"35-44","male","Walla Walla","dropbox"
"35-44","male","Walla Walla","mail"
"35-44","male","Walla Walla","other"
"35-44","male","Whatcom","dropbox"
"35-44","male","Whatcom","mail"
"35-44","male","Whatcom","other"
"35-44","male","Whitman","dropbox"
"35-44","male","Whitman","mail"
"35-44","male","Whitman","other"
"35-44","male","Yakima","dropbox"
"35-44","male","Yakima","mail"
"35-44","male","Yakima","other"
"35-44","unspecified","Adams","dropbox"
"35-44","unspecified","Adams","mail"
"35-44","unspecified","Adams","other"
"35-44","unspecified","Asotin","dropbox"
"35-44","unspecified","Asotin","mail"
"35-44","unspecified","Asotin","other"
"35-44","unspecified","Benton","dropbox"
"35-44","unspecified","Benton","mail"
"35-44","unspecified","Benton","other"
"35-44","unspecified","Chelan","dropbox"
"35-44","unspecified","Chelan","mail"
"35-44","unspecified","Chelan","other"
"35-44","unspecified","Clallam","dropbox"
"35-44","unspecified","Clallam","mail"
"35-44","unspecified","Clallam","other"
"35-44","unspecified","Clark","dropbox"
"35-44","unspecified","Clark","mail"
"35-44","unspecified","Clark","other"
"35-44","unspecified","Columbia","dropbox"
"35-44","unspecified","Columbia","mail"
"35-44","unspecified","Columbia","other"
"35-44","unspecified","Cowlitz","dropbox"
"35-44","unspecified","Cowlitz","mail"
"35-44","unspecified","Cowlitz","other"
"35-44","unspecified","Douglas","dropbox"
"35-44","unspecified","Douglas","mail"
"35-44","unspecified","Douglas","other"
"35-44","unspecified","Ferry","dropbox"
"35-44","unspecified","Ferry","mail"
"35-44","unspecified","Ferry","other"
"35-44","unspecified","Franklin","dropbox"
"35-44","unspecified","Franklin","mail"
"35-44","unspecified","Franklin","other"
"35-44","unspecified","Garfield","dropbox"
"35-44","unspecified","Garfield","mail"
"35-44","unspecified","Garfield","other"
"35-44","unspecified","Grant","dropbox"
"35-44","unspecified","Grant","mail"
"35-44","unspecified","Grant","other"
"35-44","unspecified","Grays Harbor","dropbox"
"35-44","unspecified","Grays Harbor","mail"
"35-44","unspecified","Grays Harbor","other"
"35-44","unspecified","Island","dropbox"
"35-44","unspecified","Island","mail"
"35-44","unspecified","Island","other"
"35-44","unspecified","Jefferson","dropbox"
"35-44","unspecified","Jefferson","mail"
"35-44","unspecified","Jefferson","other"
"35-44","unspecified","King","dropbox"
"35-44","unspecified","King","mail"
"35-44","unspecified","King","other"
"35-44","unspecified","Kitsap","dropbox"
"35-44","unspecified","Kitsap","mail"
"35-44","unspecified","Kitsap","other"
"35-44","unspecified","Kittitas","dropbox"
"35-44","unspecified","Kittitas","mail"
"35-44","unspecified","Kittitas","other"
"35-44","unspecified","Klickitat","dropbox"
"35-44","unspecified","Klickitat","mail"
"35-44","unspecified","Klickitat","other"
"35-44","unspecified","Lewis","dropbox"
"35-44","unspecified","Lewis","mail"
"35-44","unspecified","Lewis","other"
"35-44","unspecified","Lincoln","dropbox"
"35-44","unspecified","Lincoln","mail"
"35-44","unspecified","Lincoln","other"
"35-44","unspecified","Mason","dropbox"
"35-44","unspecified","Mason","mail"
"35-44","unspecified","Mason","other"
"35-44","unspecified","Okanogan","dropbox"
"35-44","unspecified","Okanogan","mail"
"35-44","unspecified","Okanogan","other"
"35-44","unspecified","Pacific","dropbox"
"35-44","unspecified","Pacific","mail"
"35-44","unspecified","Pacific","other"
"35-44","unspecified","Pend Oreille","dropbox"
"35-44","unspecified","Pend Oreille","mail"
"35-44","unspecified","Pend Oreille","other"
"35-44","unspecified","Pierce","dropbox"
"35-44","unspecified","Pierce","mail"
"35-44","unspecified","Pierce","other"
"35-44","unspecified","San Juan","dropbox"
"35-44","unspecified","San Juan","mail"
"35-44","unspecified","San Juan","other"
"35-44","unspecified","Skagit","dropbox"
"35-44","unspecified","Skagit","mail"
"35-44","unspecified","Skagit","other"
"35-44","unspecified","Skamania","dropbox"
"35-44","unspecified","Skamania","mail"
"35-44","unspecified","Skamania","other"
"35-44","unspecified","Snohomish","dropbox"
"35-44","unspecified","Snohomish","mail"
"35-44","unspecified","Snohomish","other"
"35-44","unspecified","Spokane","dropbox"
"35-44","unspecified","Spokane","mail"
"35-44","unspecified","Spokane","other"
"35-44","unspecified","Stevens","dropbox"
"35-44","unspecified","Stevens","mail"
"35-44","unspecified","Stevens","other"
"35-44","unspecified","Thurston","dropbox"
"35-44","unspecified","Thurston","mail"
"35-44","unspecified","Thurston","other"
"35-44","unspecified","Wahkiakum","dropbox"
"35-44","unspecified","Wahkiakum","mail"
"35-44","unspecified","Wahkiakum","other"
"35-44","unspecified","Walla Walla","dropbox"
"35-44","unspecified","Walla Walla","mail"
"35-44","unspecified","Walla Walla","other"
"35-44","unspecified","Whatcom","dropbox"
"35-44","unspecified","Whatcom","mail"
"35-44","unspecified","Whatcom","other"
"35-44","unspecified","Whitman","dropbox"
"35-44","unspecified","Whitman","mail"
"35-44","unspecified","Whitman","other"
"35-44","unspecified","Yakima","dropbox"
"35-44","unspecified","Yakima","mail"
"35-44","unspecified","Yakima","other"
"45-54","female","Adams","dropbox"
"45-54","female","Adams","mail"
"45-54","female","Adams","other"
"45-54","female","Asotin","dropbox"
"45-54","female","Asotin","mail"
"45-54","female","Asotin","other"
"45-54","female","Benton","dropbox"
"45-54","female","Benton","mail"
"45-54","female","Benton","other"
"45-54","female","Chelan","dropbox"
"45-54","female","Chelan","mail"
"45-54","female","Chelan","other"
"45-54","female","Clallam","dropbox"
"45-54","female","Clallam","mail"
"45-54","female","Clallam","other"
"45-54","female","Clark","dropbox"
"45-54","female","Clark","mail"
"45-54","female","Clark","other"
"45-54","female","Columbia","dropbox"
"45-54","female","Columbia","mail"
"45-54","female","Columbia","other"
"45-54","female","Cowlitz","dropbox"
"45-54","female","Cowlitz","mail"
"45-54","female","Cowlitz","other"
"45-54","female","Douglas","dropbox"
"45-54","female","Douglas","mail"
"45-54","female","Douglas","other"
"45-54","female","Ferry","dropbox"
"45-54","female","Ferry","mail"
"45-54","female","Ferry","other"
"45-54","female","Franklin","dropbox"
"45-54","female","Franklin","mail"
"45-54","female","Franklin","other"
"45-54","female","Garfield","dropbox"
"45-54","female","Garfield","mail"
"45-54","female","Garfield","other"
"45-54","female","Grant","dropbox"
"45-54","female","Grant","mail"
"45-54","female","Grant","other"
"45-54","female","Grays Harbor","dropbox"
"45-54","female","Grays Harbor","mail"
"45-54","female","Grays Harbor","other"
"45-54","female","Island","dropbox"
"45-54","female","Island","mail"
"45-54","female","Island","other"
"45-54","female","Jefferson","dropbox"
"45-54","female","Jefferson","mail"
"45-54","female","Jefferson","other"
"45-54","female","King","dropbox"
"45-54","female","King","mail"
"45-54","female","King","other"
"45-54","female","Kitsap","dropbox"
"45-54","female","Kitsap","mail"
"45-54","female","Kitsap","other"
"45-54","female","Kittitas","dropbox"
"45-54","female","Kittitas","mail"
"45-54","female","Kittitas","other"
"45-54","female","Klickitat","dropbox"
"45-54","female","Klickitat","mail"
"45-54","female","Klickitat","other"
"45-54","female","Lewis","dropbox"
"45-54","female","Lewis","mail"
"45-54","female","Lewis","other"
"45-54","female","Lincoln","dropbox"
"45-54","female","Lincoln","mail"
"45-54","female","Lincoln","other"
"45-54","female","Mason","dropbox"
"45-54","female","Mason","mail"
"45-54","female","Mason","other"
"45-54","female","Okanogan","dropbox"
"45-54","female","Okanogan","mail"
"45-54","female","Okanogan","other"
"45-54","female","Pacific","dropbox"
"45-54","female","Pacific","mail"
"45-54","female","Pacific","other"
"45-54","female","Pend Oreille","dropbox"
"45-54","female","Pend Oreille","mail"
"45-54","female","Pend Oreille","other"
"45-54","female","Pierce","dropbox"
"45-54","female","Pierce","mail"
"45-54","female","Pierce","other"
"45-54","female","San Juan","dropbox"
"45-54","female","San Juan","mail"
"45-54","female","San Juan","other"
"45-54","female","Skagit","dropbox"
"45-54","female","Skagit","mail"
"45-54","female","Skagit","other"
"45-54","female","Skamania","dropbox"
"45-54","female","Skamania","mail"
"45-54","female","Skamania","other"
"45-54","female","Snohomish","dropbox"
"45-54","female","Snohomish","mail"
"45-54","female","Snohomish","other"
"45-54","female","Spokane","dropbox"
"45-54","female","Spokane","mail"
"45-54","female","Spokane","other"
"45-54","female","Stevens","dropbox"
"45-54","female","Stevens","mail"
"45-54","female","Stevens","other"
"45-54","female","Thurston","dropbox"
"45-54","female","Thurston","mail"
"45-54","female","Thurston","other"
"45-54","female","Wahkiakum","dropbox"
"45-54","female","Wahkiakum","mail"
"45-54","female","Wahkiakum","other"
"45-54","female","Walla Walla","dropbox"
"45-54","female","Walla Walla","mail"
"45-54","female","Walla Walla","other"
"45-54","female","Whatcom","dropbox"
"45-54","female","Whatcom","mail"
"45-54","female","Whatcom","other"
"45-54","female","Whitman","dropbox"
"45-54","female","Whitman","mail"
"45-54","female","Whitman","other"
"45-54","female","Yakima","dropbox"
"45-54","female","Yakima","mail"
"45-54","female","Yakima","other"
"45-54","male","Adams","dropbox"
"45-54","male","Adams","mail"
"45-54","male","Adams","other"
"45-54","male","Asotin","dropbox"
"45-54","male","Asotin","mail"
"45-54","male","Asotin","other"
"45-54","male","Benton","dropbox"
"45-54","male","Benton","mail"
"45-54","male","Benton","other"
"45-54","male","Chelan","dropbox"
"45-54","male","Chelan","mail"
"45-54","male","Chelan","other"
"45-54","male","Clallam","dropbox"
"45-54","male","Clallam","mail"
"45-54","male","Clallam","other"
"45-54","male","Clark","dropbox"
"45-54","male","Clark","mail"
"45-54","male","Clark","other"
"45-54","male","Columbia","dropbox"
"45-54","male","Columbia","mail"
"45-54","male","Columbia","other"
"45-54","male","Cowlitz","dropbox"
"45-54","male","Cowlitz","mail"
"45-54","male","Cowlitz","other"
"45-54","male","Douglas","dropbox"
"45-54","male","Douglas","mail"
"45-54","male","Douglas","other"
"45-54","male","Ferry","dropbox"
"45-54","male","Ferry","mail"
"45-54","male","Ferry","other"
"45-54","male","Franklin","dropbox"
"45-54","male","Franklin","mail"
"45-54","male","Franklin","other"
"45-54","male","Garfield","dropbox"
"45-54","male","Garfield","mail"
"45-54","male","Garfield","other"
"45-54","male","Grant","dropbox"
"45-54","male","Grant","mail"
"45-54","male","Grant","other"
"45-54","male","Grays Harbor","dropbox"
"45-54","male","Grays Harbor","mail"
"45-54","male","Grays Harbor","other"
"45-54","male","Island","dropbox"
"45-54","male","Island","mail"
"45-54","male","Island","other"
"45-54","male","Jefferson","dropbox"
"45-54","male","Jefferson","mail"
"45-54","male","Jefferson","other"
"45-54","male","King","dropbox"
"45-54","male","King","mail"
"45-54","male","King","other"
"45-54","male","Kitsap","dropbox"
"45-54","male","Kitsap","mail"
"45-54","male","Kitsap","other"
"45-54","male","Kittitas","dropbox"
"45-54","male","Kittitas","mail"
"45-54","male","Kittitas","other"
"45-54","male","Klickitat","dropbox"
"45-54","male","Klickitat","mail"
"45-54","male","Klickitat","other"
"45-54","male","Lewis","dropbox"
"45-54","male","Lewis","mail"
"45-54","male","Lewis","other"
"45-54","male","Lincoln","dropbox"
"45-54","male","Lincoln","mail"
"45-54","male","Lincoln","other"
"45-54","male","Mason","dropbox"
"45-54","male","Mason","mail"
"45-54","male","Mason","other"
"45-54","male","Okanogan","dropbox"
"45-54","male","Okanogan","mail"
"45-54","male","Okanogan","other"
"45-54","male","Pacific","dropbox"
"45-54","male","Pacific","mail"
"45-54","male","Pacific","other"
"45-54","male","Pend Oreille","dropbox"
"45-54","male","Pend Oreille","mail"
"45-54","male","Pend Oreille","other"
"45-54","male","Pierce","dropbox"
"45-54","male","Pierce","mail"
"45-54","male","Pierce","other"
"45-54","male","San Juan","dropbox"
"45-54","male","San Juan","mail"
"45-54","male","San Juan","other"
"45-54","male","Skagit","dropbox"
"45-54","male","Skagit","mail"
"45-54","male","Skagit","other"
"45-54","male","Skamania","dropbox"
"45-54","male","Skamania","mail"
"45-54","male","Skamania","other"
"45-54","male","Snohomish","dropbox"
"45-54","male","Snohomish","mail"
"45-54","male","Snohomish","other"
"45-54","male","Spokane","dropbox"
"45-54","male","Spokane","mail"
"45-54","male","Spokane","other"
"45-54","male","Stevens","dropbox"
"45-54","male","Stevens","mail"
"45-54","male","Stevens","other"
"45-54","male","Thurston","dropbox"
"45-54","male","Thurston","mail"
"45-54","male","Thurston","other"
"45-54","male","Wahkiakum","dropbox"
"45-54","male","Wahkiakum","mail"
"45-54","male","Wahkiakum","other"
"45-54","male","Walla Walla","dropbox"
"45-54","male","Walla Walla","mail"
"45-54","male","Walla Walla","other"
"45-54","male","Whatcom","dropbox"
"45-54","male","Whatcom","mail"
"45-54","male","Whatcom","other"
"45-54","male","Whitman","dropbox"
"45-54","male","Whitman","mail"
"45-54","male","Whitman","other"
"45-54","male","Yakima","dropbox"
"45-54","male","Yakima","mail"
"45-54","male","Yakima","other"
"45-54","unspecified","Adams","dropbox"
"45-54","unspecified","Adams","mail"
"45-54","unspecified","Adams","other"
"45-54","unspecified","Asotin","dropbox"
"45-54","unspecified","Asotin","mail"
"45-54","unspecified","Asotin","other"
"45-54","unspecified","Benton","dropbox"
"45-54","unspecified","Benton","mail"
"45-54","unspecified","Benton","other"
"45-54","unspecified","Chelan","dropbox"
"45-54","unspecified","Chelan","mail"
"45-54","unspecified","Chelan","other"
"45-54","unspecified","Clallam","dropbox"
"45-54","unspecified","Clallam","mail"
"45-54","unspecified","Clallam","other"
"45-54","unspecified","Clark","dropbox"
"45-54","unspecified","Clark","mail"
"45-54","unspecified","Clark","other"
"45-54","unspecified","Columbia","dropbox"
"45-54","unspecified","Columbia","mail"
"45-54","unspecified","Columbia","other"
"45-54","unspecified","Cowlitz","dropbox"
"45-54","unspecified","Cowlitz","mail"
"45-54","unspecified","Cowlitz","other"
"45-54","unspecified","Douglas","dropbox"
"45-54","unspecified","Douglas","mail"
"45-54","unspecified","Douglas","other"
"45-54","unspecified","Ferry","dropbox"
"45-54","unspecified","Ferry","mail"
"45-54","unspecified","Ferry","other"
"45-54","unspecified","Franklin","dropbox"
"45-54","unspecified","Franklin","mail"
"45-54","unspecified","Franklin","other"
"45-54","unspecified","Garfield","dropbox"
"45-54","unspecified","Garfield","mail"
"45-54","unspecified","Garfield","other"
"45-54","unspecified","Grant","dropbox"
"45-54","unspecified","Grant","mail"
"45-54","unspecified","Grant","other"
"45-54","unspecified","Grays Harbor","dropbox"
"45-54","unspecified","Grays Harbor","mail"
"45-54","unspecified","Grays Harbor","other"
"45-54","unspecified","Island","dropbox"
"45-54","unspecified","Island","mail"
"45-54","unspecified","Island","other"
"45-54","unspecified","Jefferson","dropbox"
"45-54","unspecified","Jefferson","mail"
"45-54","unspecified","Jefferson","other"
"45-54","unspecified","King","dropbox"
"45-54","unspecified","King","mail"
"45-54","unspecified","King","other"
"45-54","unspecified","Kitsap","dropbox"
"45-54","unspecified","Kitsap","mail"
"45-54","unspecified","Kitsap","other"
"45-54","unspecified","Kittitas","dropbox"
"45-54","unspecified","Kittitas","mail"
"45-54","unspecified","Kittitas","other"
"45-54","unspecified","Klickitat","dropbox"
"45-54","unspecified","Klickitat","mail"
"45-54","unspecified","Klickitat","other"
"45-54","unspecified","Lewis","dropbox"
"45-54","unspecified","Lewis","mail"
"45-54","unspecified","Lewis","other"
"45-54","unspecified","Lincoln","dropbox"
"45-54","unspecified","Lincoln","mail"
"45-54","unspecified","Lincoln","other"
"45-54","unspecified","Mason","dropbox"
"45-54","unspecified","Mason","mail"
"45-54","unspecified","Mason","other"
"45-54","unspecified","Okanogan","dropbox"
"45-54","unspecified","Okanogan","mail"
"45-54","unspecified","Okanogan","other"
"45-54","unspecified","Pacific","dropbox"
"45-54","unspecified","Pacific","mail"
"45-54","unspecified","Pacific","other"
"45-54","unspecified","Pend Oreille","dropbox"
"45-54","unspecified","Pend Oreille","mail"
"45-54","unspecified","Pend Oreille","other"
"45-54","unspecified","Pierce","dropbox"
"45-54","unspecified","Pierce","mail"
"45-54","unspecified","Pierce","other"
"45-54","unspecified","San Juan","dropbox"
"45-54","unspecified","San Juan","mail"
"45-54","unspecified","San Juan","other"
"45-54","unspecified","Skagit","dropbox"
"45-54","unspecified","Skagit","mail"
"45-54","unspecified","Skagit","other"
"45-54","unspecified","Skamania","dropbox"
"45-54","unspecified","Skamania","mail"
"45-54","unspecified","Skamania","other"
"45-54","unspecified","Snohomish","dropbox"
"45-54","unspecified","Snohomish","mail"
"45-54","unspecified","Snohomish","other"
"45-54","unspecified","Spokane","dropbox"
"45-54","unspecified","Spokane","mail"
"45-54","unspecified","Spokane","other"
"45-54","unspecified","Stevens","dropbox"
"45-54","unspecified","Stevens","mail"
"45-54","unspecified","Stevens","other"
"45-54","unspecified","Thurston","dropbox"
"45-54","unspecified","Thurston","mail"
"45-54","unspecified","Thurston","other"
"45-54","unspecified","Wahkiakum","dropbox"
"45-54","unspecified","Wahkiakum","mail"
"45-54","unspecified","Wahkiakum","other"
"45-54","unspecified","Walla Walla","dropbox"
"45-54","unspecified","Walla Walla","mail"
"45-54","unspecified","Walla Walla","other"
"45-54","unspecified","Whatcom","dropbox"
"45-54","unspecified","Whatcom","mail"
"45-54","unspecified","Whatcom","other"
"45-54","unspecified","Whitman","dropbox"
"45-54","unspecified","Whitman","mail"
"45-54","unspecified","Whitman","other"
"45-54","unspecified","Yakima","dropbox"
"45-54","unspecified","Yakima","mail"
"45-54","unspecified","Yakima","other"
"55-64","female","Adams","dropbox"
"55-64","female","Adams","mail"
"55-64","female","Adams","other"
"55-64","female","Asotin","dropbox"
"55-64","female","Asotin","mail"
"55-64","female","Asotin","other"
"55-64","female","Benton","dropbox"
"55-64","female","Benton","mail"
"55-64","female","Benton","other"
"55-64","female","Chelan","dropbox"
"55-64","female","Chelan","mail"
"55-64","female","Chelan","other"
"55-64","female","Clallam","dropbox"
"55-64","female","Clallam","mail"
"55-64","female","Clallam","other"
"55-64","female","Clark","dropbox"
"55-64","female","Clark","mail"
"55-64","female","Clark","other"
"55-64","female","Columbia","dropbox"
"55-64","female","Columbia","mail"
"55-64","female","Columbia","other"
"55-64","female","Cowlitz","dropbox"
"55-64","female","Cowlitz","mail"
"55-64","female","Cowlitz","other"
"55-64","female","Douglas","dropbox"
"55-64","female","Douglas","mail"
"55-64","female","Douglas","other"
"55-64","female","Ferry","dropbox"
"55-64","female","Ferry","mail"
"55-64","female","Ferry","other"
"55-64","female","Franklin","dropbox"
"55-64","female","Franklin","mail"
"55-64","female","Franklin","other"
"55-64","female","Garfield","dropbox"
"55-64","female","Garfield","mail"
"55-64","female","Garfield","other"
"55-64","female","Grant","dropbox"
"55-64","female","Grant","mail"
"55-64","female","Grant","other"
"55-64","female","Grays Harbor","dropbox"
"55-64","female","Grays Harbor","mail"
"55-64","female","Grays Harbor","other"
"55-64","female","Island","dropbox"
"55-64","female","Island","mail"
"55-64","female","Island","other"
"55-64","female","Jefferson","dropbox"
"55-64","female","Jefferson","mail"
"55-64","female","Jefferson","other"
"55-64","female","King","dropbox"
"55-64","female","King","mail"
"55-64","female","King","other"
"55-64","female","Kitsap","dropbox"
"55-64","female","Kitsap","mail"
"55-64","female","Kitsap","other"
"55-64","female","Kittitas","dropbox"
"55-64","female","Kittitas","mail"
"55-64","female","Kittitas","other"
"55-64","female","Klickitat","dropbox"
"55-64","female","Klickitat","mail"
"55-64","female","Klickitat","other"
"55-64","female","Lewis","dropbox"
"55-64","female","Lewis","mail"
"55-64","female","Lewis","other"
"55-64","female","Lincoln","dropbox"
"55-64","female","Lincoln","mail"
"55-64","female","Lincoln","other"
"55-64","female","Mason","dropbox"
"55-64","female","Mason","mail"
"55-64","female","Mason","other"
"55-64","female","Okanogan","dropbox"
"55-64","female","Okanogan","mail"
"55-64","female","Okanogan","other"
"55-64","female","Pacific","dropbox"
"55-64","female","Pacific","mail"
"55-64","female","Pacific","other"
"55-64","female","Pend Oreille","dropbox"
"55-64","female","Pend Oreille","mail"
"55-64","female","Pend Oreille","other"
"55-64","female","Pierce","dropbox"
"55-64","female","Pierce","mail"
"55-64","female","Pierce","other"
"55-64","female","San Juan","dropbox"
"55-64","female","San Juan","mail"
"55-64","female","San Juan","other"
"55-64","female","Skagit","dropbox"
"55-64","female","Skagit","mail"
"55-64","female","Skagit","other"
"55-64","female","Skamania","dropbox"
"55-64","female","Skamania","mail"
"55-64","female","Skamania","other"
"55-64","female","Snohomish","dropbox"
"55-64","female","Snohomish","mail"
"55-64","female","Snohomish","other"
"55-64","female","Spokane","dropbox"
"55-64","female","Spokane","mail"
"55-64","female","Spokane","other"
"55-64","female","Stevens","dropbox"
"55-64","female","Stevens","mail"
"55-64","female","Stevens","other"
"55-64","female","Thurston","dropbox"
"55-64","female","Thurston","mail"
"55-64","female","Thurston","other"
"55-64","female","Wahkiakum","dropbox"
"55-64","female","Wahkiakum","mail"
"55-64","female","Wahkiakum","other"
"55-64","female","Walla Walla","dropbox"
"55-64","female","Walla Walla","mail"
"55-64","female","Walla Walla","other"
"55-64","female","Whatcom","dropbox"
"55-64","female","Whatcom","mail"
"55-64","female","Whatcom","other"
"55-64","female","Whitman","dropbox"
"55-64","female","Whitman","mail"
"55-64","female","Whitman","other"
"55-64","female","Yakima","dropbox"
"55-64","female","Yakima","mail"
"55-64","female","Yakima","other"
"55-64","male","Adams","dropbox"
"55-64","male","Adams","mail"
"55-64","male","Adams","other"
"55-64","male","Asotin","dropbox"
"55-64","male","Asotin","mail"
"55-64","male","Asotin","other"
"55-64","male","Benton","dropbox"
"55-64","male","Benton","mail"
"55-64","male","Benton","other"
"55-64","male","Chelan","dropbox"
"55-64","male","Chelan","mail"
"55-64","male","Chelan","other"
"55-64","male","Clallam","dropbox"
"55-64","male","Clallam","mail"
"55-64","male","Clallam","other"
"55-64","male","Clark","dropbox"
"55-64","male","Clark","mail"
"55-64","male","Clark","other"
"55-64","male","Columbia","dropbox"
"55-64","male","Columbia","mail"
"55-64","male","Columbia","other"
"55-64","male","Cowlitz","dropbox"
"55-64","male","Cowlitz","mail"
"55-64","male","Cowlitz","other"
"55-64","male","Douglas","dropbox"
"55-64","male","Douglas","mail"
"55-64","male","Douglas","other"
"55-64","male","Ferry","dropbox"
"55-64","male","Ferry","mail"
"55-64","male","Ferry","other"
"55-64","male","Franklin","dropbox"
"55-64","male","Franklin","mail"
"55-64","male","Franklin","other"
"55-64","male","Garfield","dropbox"
"55-64","male","Garfield","mail"
"55-64","male","Garfield","other"
"55-64","male","Grant","dropbox"
"55-64","male","Grant","mail"
"55-64","male","Grant","other"
"55-64","male","Grays Harbor","dropbox"
"55-64","male","Grays Harbor","mail"
"55-64","male","Grays Harbor","other"
"55-64","male","Island","dropbox"
"55-64","male","Island","mail"
"55-64","male","Island","other"
"55-64","male","Jefferson","dropbox"
"55-64","male","Jefferson","mail"
"55-64","male","Jefferson","other"
"55-64","male","King","dropbox"
"55-64","male","King","mail"
"55-64","male","King","other"
"55-64","male","Kitsap","dropbox"
"55-64","male","Kitsap","mail"
"55-64","male","Kitsap","other"
"55-64","male","Kittitas","dropbox"
"55-64","male","Kittitas","mail"
"55-64","male","Kittitas","other"
"55-64","male","Klickitat","dropbox"
"55-64","male","Klickitat","mail"
"55-64","male","Klickitat","other"
"55-64","male","Lewis","dropbox"
"55-64","male","Lewis","mail"
"55-64","male","Lewis","other"
"55-64","male","Lincoln","dropbox"
"55-64","male","Lincoln","mail"
"55-64","male","Lincoln","other"
"55-64","male","Mason","dropbox"
"55-64","male","Mason","mail"
"55-64","male","Mason","other"
"55-64","male","Okanogan","dropbox"
"55-64","male","Okanogan","mail"
"55-64","male","Okanogan","other"
"55-64","male","Pacific","dropbox"
"55-64","male","Pacific","mail"
"55-64","male","Pacific","other"
"55-64","male","Pend Oreille","dropbox"
"55-64","male","Pend Oreille","mail"
"55-64","male","Pend Oreille","other"
"55-64","male","Pierce","dropbox"
"55-64","male","Pierce","mail"
"55-64","male","Pierce","other"
"55-64","male","San Juan","dropbox"
"55-64","male","San Juan","mail"
"55-64","male","San Juan","other"
"55-64","male","Skagit","dropbox"
"55-64","male","Skagit","mail"
"55-64","male","Skagit","other"
"55-64","male","Skamania","dropbox"
"55-64","male","Skamania","mail"
"55-64","male","Skamania","other"
"55-64","male","Snohomish","dropbox"
"55-64","male","Snohomish","mail"
"55-64","male","Snohomish","other"
"55-64","male","Spokane","dropbox"
"55-64","male","Spokane","mail"
"55-64","male","Spokane","other"
"55-64","male","Stevens","dropbox"
"55-64","male","Stevens","mail"
"55-64","male","Stevens","other"
"55-64","male","Thurston","dropbox"
"55-64","male","Thurston","mail"
"55-64","male","Thurston","other"
"55-64","male","Wahkiakum","dropbox"
"55-64","male","Wahkiakum","mail"
"55-64","male","Wahkiakum","other"
"55-64","male","Walla Walla","dropbox"
"55-64","male","Walla Walla","mail"
"55-64","male","Walla Walla","other"
"55-64","male","Whatcom","dropbox"
"55-64","male","Whatcom","mail"
"55-64","male","Whatcom","other"
"55-64","male","Whitman","dropbox"
"55-64","male","Whitman","mail"
"55-64","male","Whitman","other"
"55-64","male","Yakima","dropbox"
"55-64","male","Yakima","mail"
"55-64","male","Yakima","other"
"55-64","unspecified","Adams","dropbox"
"55-64","unspecified","Adams","mail"
"55-64","unspecified","Adams","other"
"55-64","unspecified","Asotin","dropbox"
"55-64","unspecified","Asotin","mail"
"55-64","unspecified","Asotin","other"
"55-64","unspecified","Benton","dropbox"
"55-64","unspecified","Benton","mail"
"55-64","unspecified","Benton","other"
"55-64","unspecified","Chelan","dropbox"
"55-64","unspecified","Chelan","mail"
"55-64","unspecified","Chelan","other"
"55-64","unspecified","Clallam","dropbox"
"55-64","unspecified","Clallam","mail"
"55-64","unspecified","Clallam","other"
"55-64","unspecified","Clark","dropbox"
"55-64","unspecified","Clark","mail"
"55-64","unspecified","Clark","other"
"55-64","unspecified","Columbia","dropbox"
"55-64","unspecified","Columbia","mail"
"55-64","unspecified","Columbia","other"
"55-64","unspecified","Cowlitz","dropbox"
"55-64","unspecified","Cowlitz","mail"
"55-64","unspecified","Cowlitz","other"
"55-64","unspecified","Douglas","dropbox"
"55-64","unspecified","Douglas","mail"
"55-64","unspecified","Douglas","other"
"55-64","unspecified","Ferry","dropbox"
"55-64","unspecified","Ferry","mail"
"55-64","unspecified","Ferry","other"
"55-64","unspecified","Franklin","dropbox"
"55-64","unspecified","Franklin","mail"
"55-64","unspecified","Franklin","other"
"55-64","unspecified","Garfield","dropbox"
"55-64","unspecified","Garfield","mail"
"55-64","unspecified","Garfield","other"
"55-64","unspecified","Grant","dropbox"
"55-64","unspecified","Grant","mail"
"55-64","unspecified","Grant","other"
"55-64","unspecified","Grays Harbor","dropbox"
"55-64","unspecified","Grays Harbor","mail"
"55-64","unspecified","Grays Harbor","other"
"55-64","unspecified","Island","dropbox"
"55-64","unspecified","Island","mail"
"55-64","unspecified","Island","other"
"55-64","unspecified","Jefferson","dropbox"
"55-64","unspecified","Jefferson","mail"
"55-64","unspecified","Jefferson","other"
"55-64","unspecified","King","dropbox"
"55-64","unspecified","King","mail"
"55-64","unspecified","King","other"
"55-64","unspecified","Kitsap","dropbox"
"55-64","unspecified","Kitsap","mail"
"55-64","unspecified","Kitsap","other"
"55-64","unspecified","Kittitas","dropbox"
"55-64","unspecified","Kittitas","mail"
"55-64","unspecified","Kittitas","other"
"55-64","unspecified","Klickitat","dropbox"
"55-64","unspecified","Klickitat","mail"
"55-64","unspecified","Klickitat","other"
"55-64","unspecified","Lewis","dropbox"
"55-64","unspecified","Lewis","mail"
"55-64","unspecified","Lewis","other"
"55-64","unspecified","Lincoln","dropbox"
"55-64","unspecified","Lincoln","mail"
"55-64","unspecified","Lincoln","other"
"55-64","unspecified","Mason","dropbox"
"55-64","unspecified","Mason","mail"
"55-64","unspecified","Mason","other"
"55-64","unspecified","Okanogan","dropbox"
"55-64","unspecified","Okanogan","mail"
"55-64","unspecified","Okanogan","other"
"55-64","unspecified","Pacific","dropbox"
"55-64","unspecified","Pacific","mail"
"55-64","unspecified","Pacific","other"
"55-64","unspecified","Pend Oreille","dropbox"
"55-64","unspecified","Pend Oreille","mail"
"55-64","unspecified","Pend Oreille","other"
"55-64","unspecified","Pierce","dropbox"
"55-64","unspecified","Pierce","mail"
"55-64","unspecified","Pierce","other"
"55-64","unspecified","San Juan","dropbox"
"55-64","unspecified","San Juan","mail"
"55-64","unspecified","San Juan","other"
"55-64","unspecified","Skagit","dropbox"
"55-64","unspecified","Skagit","mail"
"55-64","unspecified","Skagit","other"
"55-64","unspecified","Skamania","dropbox"
"55-64","unspecified","Skamania","mail"
"55-64","unspecified","Skamania","other"
"55-64","unspecified","Snohomish","dropbox"
"55-64","unspecified","Snohomish","mail"
"55-64","unspecified","Snohomish","other"
"55-64","unspecified","Spokane","dropbox"
"55-64","unspecified","Spokane","mail"
"55-64","unspecified","Spokane","other"
"55-64","unspecified","Stevens","dropbox"
"55-64","unspecified","Stevens","mail"
"55-64","unspecified","Stevens","other"
"55-64","unspecified","Thurston","dropbox"
"55-64","unspecified","Thurston","mail"
"55-64","unspecified","Thurston","other"
"55-64","unspecified","Wahkiakum","dropbox"
"55-64","unspecified","Wahkiakum","mail"
"55-64","unspecified","Wahkiakum","other"
"55-64","unspecified","Walla Walla","dropbox"
"55-64","unspecified","Walla Walla","mail"
"55-64","unspecified","Walla Walla","other"
"55-64","unspecified","Whatcom","dropbox"
"55-64","unspecified","Whatcom","mail"
"55-64","unspecified","Whatcom","other"
"55-64","unspecified","Whitman","dropbox"
"55-64","unspecified","Whitman","mail"
"55-64","unspecified","Whitman","other"
"55-64","unspecified","Yakima","dropbox"
"55-64","unspecified","Yakima","mail"
"55-64","unspecified","Yakima","other"
"65+","female","Adams","dropbox"
"65+","female","Adams","mail"
"65+","female","Adams","other"
"65+","female","Asotin","dropbox"
"65+","female","Asotin","mail"
"65+","female","Asotin","other"
"65+","female","Benton","dropbox"
"65+","female","Benton","mail"
"65+","female","Benton","other"
"65+","female","Chelan","dropbox"
"65+","female","Chelan","mail"
"65+","female","Chelan","other"
"65+","female","Clallam","dropbox"
"65+","female","Clallam","mail"
"65+","female","Clallam","other"
"65+","female","Clark","dropbox"
"65+","female","Clark","mail"
"65+","female","Clark","other"
"65+","female","Columbia","dropbox"
"65+","female","Columbia","mail"
"65+","female","Columbia","other"
"65+","female","Cowlitz","dropbox"
"65+","female","Cowlitz","mail"
"65+","female","Cowlitz","other"
"65+","female","Douglas","dropbox"
"65+","female","Douglas","mail"
"65+","female","Douglas","other"
"65+","female","Ferry","dropbox"
"65+","female","Ferry","mail"
"65+","female","Ferry","other"
"65+","female","Franklin","dropbox"
"65+","female","Franklin","mail"
"65+","female","Franklin","other"
"65+","female","Garfield","dropbox"
"65+","female","Garfield","mail"
"65+","female","Garfield","other"
"65+","female","Grant","dropbox"
"65+","female","Grant","mail"
"65+","female","Grant","other"
"65+","female","Grays Harbor","dropbox"
"65+","female","Grays Harbor","mail"
"65+","female","Grays Harbor","other"
"65+","female","Island","dropbox"
"65+","female","Island","mail"
"65+","female","Island","other"
"65+","female","Jefferson","dropbox"
"65+","female","Jefferson","mail"
"65+","female","Jefferson","other"
"65+","female","King","dropbox"
"65+","female","King","mail"
"65+","female","King","other"
"65+","female","Kitsap","dropbox"
"65+","female","Kitsap","mail"
"65+","female","Kitsap","other"
"65+","female","Kittitas","dropbox"
"65+","female","Kittitas","mail"
"65+","female","Kittitas","other"
"65+","female","Klickitat","dropbox"
"65+","female","Klickitat","mail"
"65+","female","Klickitat","other"
"65+","female","Lewis","dropbox"
"65+","female","Lewis","mail"
"65+","female","Lewis","other"
"65+","female","Lincoln","dropbox"
"65+","female","Lincoln","mail"
"65+","female","Lincoln","other"
"65+","female","Mason","dropbox"
"65+","female","Mason","mail"
"65+","female","Mason","other"
"65+","female","Okanogan","dropbox"
"65+","female","Okanogan","mail"
"65+","female","Okanogan","other"
"65+","female","Pacific","dropbox"
"65+","female","Pacific","mail"
"65+","female","Pacific","other"
"65+","female","Pend Oreille","dropbox"
"65+","female","Pend Oreille","mail"
"65+","female","Pend Oreille","other"
"65+","female","Pierce","dropbox"
"65+","female","Pierce","mail"
"65+","female","Pierce","other"
"65+","female","San Juan","dropbox"
"65+","female","San Juan","mail"
"65+","female","San Juan","other"
"65+","female","Skagit","dropbox"
"65+","female","Skagit","mail"
"65+","female","Skagit","other"
"65+","female","Skamania","dropbox"
"65+","female","Skamania","mail"
"65+","female","Skamania","other"
"65+","female","Snohomish","dropbox"
"65+","female","Snohomish","mail"
"65+","female","Snohomish","other"
"65+","female","Spokane","dropbox"
"65+","female","Spokane","mail"
"65+","female","Spokane","other"
"65+","female","Stevens","dropbox"
"65+","female","Stevens","mail"
"65+","female","Stevens","other"
"65+","female","Thurston","dropbox"
"65+","female","Thurston","mail"
"65+","female","Thurston","other"
"65+","female","Wahkiakum","dropbox"
"65+","female","Wahkiakum","mail"
"65+","female","Wahkiakum","other"
"65+","female","Walla Walla","dropbox"
"65+","female","Walla Walla","mail"
"65+","female","Walla Walla","other"
"65+","female","Whatcom","dropbox"
"65+","female","Whatcom","mail"
"65+","female","Whatcom","other"
"65+","female","Whitman","dropbox"
"65+","female","Whitman","mail"
"65+","female","Whitman","other"
"65+","female","Yakima","dropbox"
"65+","female","Yakima","mail"
"65+","female","Yakima","other"
"65+","male","Adams","dropbox"
"65+","male","Adams","mail"
"65+","male","Adams","other"
"65+","male","Asotin","dropbox"
"65+","male","Asotin","mail"
"65+","male","Asotin","other"
"65+","male","Benton","dropbox"
"65+","male","Benton","mail"
"65+","male","Benton","other"
"65+","male","Chelan","dropbox"
"65+","male","Chelan","mail"
"65+","male","Chelan","other"
"65+","male","Clallam","dropbox"
"65+","male","Clallam","mail"
"65+","male","Clallam","other"
"65+","male","Clark","dropbox"
"65+","male","Clark","mail"
"65+","male","Clark","other"
"65+","male","Columbia","dropbox"
"65+","male","Columbia","mail"
"65+","male","Columbia","other"
"65+","male","Cowlitz","dropbox"
"65+","male","Cowlitz","mail"
"65+","male","Cowlitz","other"
"65+","male","Douglas","dropbox"
"65+","male","Douglas","mail"
"65+","male","Douglas","other"
"65+","male","Ferry","dropbox"
"65+","male","Ferry","mail"
"65+","male","Ferry","other"
"65+","male","Franklin","dropbox"
"65+","male","Franklin","mail"
"65+","male","Franklin","other"
"65+","male","Garfield","dropbox"
"65+","male","Garfield","mail"
"65+","male","Garfield","other"
"65+","male","Grant","dropbox"
"65+","male","Grant","mail"
"65+","male","Grant","other"
"65+","male","Grays Harbor","dropbox"
"65+","male","Grays Harbor","mail"
"65+","male","Grays Harbor","other"
"65+","male","Island","dropbox"
"65+","male","Island","mail"
"65+","male","Island","other"
"65+","male","Jefferson","dropbox"
"65+","male","Jefferson","mail"
"65+","male","Jefferson","other"
"65+","male","King","dropbox"
"65+","male","King","mail"
"65+","male","King","other"
"65+","male","Kitsap","dropbox"
"65+","male","Kitsap","mail"
"65+","male","Kitsap","other"
"65+","male","Kittitas","dropbox"
"65+","male","Kittitas","mail"
"65+","male","Kittitas","other"
"65+","male","Klickitat","dropbox"
"65+","male","Klickitat","mail"
"65+","male","Klickitat","other"
"65+","male","Lewis","dropbox"
"65+","male","Lewis","mail"
"65+","male","Lewis","other"
"65+","male","Lincoln","dropbox"
"65+","male","Lincoln","mail"
"65+","male","Lincoln","other"
"65+","male","Mason","dropbox"
"65+","male","Mason","mail"
"65+","male","Mason","other"
"65+","male","Okanogan","dropbox"
"65+","male","Okanogan","mail"
"65+","male","Okanogan","other"
"65+","male","Pacific","dropbox"
"65+","male","Pacific","mail"
"65+","male","Pacific","other"
"65+","male","Pend Oreille","dropbox"
"65+","male","Pend Oreille","mail"
"65+","male","Pend Oreille","other"
"65+","male","Pierce","dropbox"
"65+","male","Pierce","mail"
"65+","male","Pierce","other"
"65+","male","San Juan","dropbox"
"65+","male","San Juan","mail"
"65+","male","San Juan","other"
"65+","male","Skagit","dropbox"
"65+","male","Skagit","mail"
"65+","male","Skagit","other"
"65+","male","Skamania","dropbox"
"65+","male","Skamania","mail"
"65+","male","Skamania","other"
"65+","male","Snohomish","dropbox"
"65+","male","Snohomish","mail"
"65+","male","Snohomish","other"
"65+","male","Spokane","dropbox"
"65+","male","Spokane","mail"
"65+","male","Spokane","other"
"65+","male","Stevens","dropbox"
"65+","male","Stevens","mail"
"65+","male","Stevens","other"
"65+","male","Thurston","dropbox"
"65+","male","Thurston","mail"
"65+","male","Thurston","other"
"65+","male","Wahkiakum","dropbox"
"65+","male","Wahkiakum","mail"
"65+","male","Wahkiakum","other"
"65+","male","Walla Walla","dropbox"
"65+","male","Walla Walla","mail"
"65+","male","Walla Walla","other"
"65+","male","Whatcom","dropbox"
"65+","male","Whatcom","mail"
"65+","male","Whatcom","other"
"65+","male","Whitman","dropbox"
"65+","male","Whitman","mail"
"65+","male","Whitman","other"
"65+","male","Yakima","dropbox"
"65+","male","Yakima","mail"
"65+","male","Yakima","other"
"65+","unspecified","Adams","dropbox"
"65+","unspecified","Adams","mail"
"65+","unspecified","Adams","other"
"65+","unspecified","Asotin","dropbox"
"65+","unspecified","Asotin","mail"
"65+","unspecified","Asotin","other"
"65+","unspecified","Benton","dropbox"
"65+","unspecified","Benton","mail"
"65+","unspecified","Benton","other"
"65+","unspecified","Chelan","dropbox"
"65+","unspecified","Chelan","mail"
"65+","unspecified","Chelan","other"
"65+","unspecified","Clallam","dropbox"
"65+","unspecified","Clallam","mail"
"65+","unspecified","Clallam","other"
"65+","unspecified","Clark","dropbox"
"65+","unspecified","Clark","mail"
"65+","unspecified","Clark","other"
"65+","unspecified","Columbia","dropbox"
"65+","unspecified","Columbia","mail"
"65+","unspecified","Columbia","other"
"65+","unspecified","Cowlitz","dropbox"
"65+","unspecified","Cowlitz","mail"
"65+","unspecified","Cowlitz","other"
"65+","unspecified","Douglas","dropbox"
"65+","unspecified","Douglas","mail"
"65+","unspecified","Douglas","other"
"65+","unspecified","Ferry","dropbox"
"65+","unspecified","Ferry","mail"
"65+","unspecified","Ferry","other"
"65+","unspecified","Franklin","dropbox"
"65+","unspecified","Franklin","mail"
"65+","unspecified","Franklin","other"
"65+","unspecified","Garfield","dropbox"
"65+","unspecified","Garfield","mail"
"65+","unspecified","Garfield","other"
"65+","unspecified","Grant","dropbox"
"65+","unspecified","Grant","mail"
"65+","unspecified","Grant","other"
"65+","unspecified","Grays Harbor","dropbox"
"65+","unspecified","Grays Harbor","mail"
"65+","unspecified","Grays Harbor","other"
"65+","unspecified","Island","dropbox"
"65+","unspecified","Island","mail"
"65+","unspecified","Island","other"
"65+","unspecified","Jefferson","dropbox"
"65+","unspecified","Jefferson","mail"
"65+","unspecified","Jefferson","other"
"65+","unspecified","King","dropbox"
"65+","unspecified","King","mail"
"65+","unspecified","King","other"
"65+","unspecified","Kitsap","dropbox"
"65+","unspecified","Kitsap","mail"
"65+","unspecified","Kitsap","other"
"65+","unspecified","Kittitas","dropbox"
"65+","unspecified","Kittitas","mail"
"65+","unspecified","Kittitas","other"
"65+","unspecified","Klickitat","dropbox"
"65+","unspecified","Klickitat","mail"
"65+","unspecified","Klickitat","other"
"65+","unspecified","Lewis","dropbox"
"65+","unspecified","Lewis","mail"
"65+","unspecified","Lewis","other"
"65+","unspecified","Lincoln","dropbox"
"65+","unspecified","Lincoln","mail"
"65+","unspecified","Lincoln","other"
"65+","unspecified","Mason","dropbox"
"65+","unspecified","Mason","mail"
"65+","unspecified","Mason","other"
"65+","unspecified","Okanogan","dropbox"
"65+","unspecified","Okanogan","mail"
"65+","unspecified","Okanogan","other"
"65+","unspecified","Pacific","dropbox"
"65+","unspecified","Pacific","mail"
"65+","unspecified","Pacific","other"
"65+","unspecified","Pend Oreille","dropbox"
"65+","unspecified","Pend Oreille","mail"
"65+","unspecified","Pend Oreille","other"
"65+","unspecified","Pierce","dropbox"
"65+","unspecified","Pierce","mail"
"65+","unspecified","Pierce","other"
"65+","unspecified","San Juan","dropbox"
"65+","unspecified","San Juan","mail"
"65+","unspecified","San Juan","other"
"65+","unspecified","Skagit","dropbox"
"65+","unspecified","Skagit","mail"
"65+","unspecified","Skagit","other"
"65+","unspecified","Skamania","dropbox"
"65+","unspecified","Skamania","mail"
"65+","unspecified","Skamania","other"
"65+","unspecified","Snohomish","dropbox"
"65+","unspecified","Snohomish","mail"
"65+","unspecified","Snohomish","other"
"65+","unspecified","Spokane","dropbox"
"65+","unspecified","Spokane","mail"
"65+","unspecified","Spokane","other"
"65+","unspecified","Stevens","dropbox"
"65+","unspecified","Stevens","mail"
"65+","unspecified","Stevens","other"
"65+","unspecified","Thurston","dropbox"
"65+","unspecified","Thurston","mail"
"65+","unspecified","Thurston","other"
"65+","unspecified","Wahkiakum","dropbox"
"65+","unspecified","Wahkiakum","mail"
"65+","unspecified","Wahkiakum","other"
"65+","unspecified","Walla Walla","dropbox"
"65+","unspecified","Walla Walla","mail"
"65+","unspecified","Walla Walla","other"
"65+","unspecified","Whatcom","dropbox"
"65+","unspecified","Whatcom","mail"
"65+","unspecified","Whatcom","other"
"65+","unspecified","Whitman","dropbox"
"65+","unspecified","Whitman","mail"
"65+","unspecified","Whitman","other"
"65+","unspecified","Yakima","dropbox"
"65+","unspecified","Yakima","mail"
"65+","unspecified","Yakima","other"
